0, 0.02201514, -0.03009033, 2865.869, 3114.192, 2831.865, 3144.4, 0, 0.0001611499, 0, 0, 0.03646016, 0.03447973, 0.03650564, 0.03443677 
0.02, 0.1160423, -0.0774231, 2818.816, 3165.105, 2743.049, 3246.317, 0.9350677, 0.918459, 0.908774, 0.9168429, 0.0277998, 0.03250383, 0.02771787, 0.03259989 
0.04, 0.3121267, -0.09988403, 2662.193, 3349.872, 2651.506, 3358.849, 0.6415045, 0.6562811, 0.7540051, 0.7222372, 0.007239928, -0.02251732, 0.007373187, -0.02211064 
0.06, 0.4775355, -0.118103, 2650.056, 3420.067, 2638.49, 3431.097, 0.3507304, 0.4762475, 0.3752586, 0.3168515, -0.01008287, 0.007545583, -0.009974174, 0.007627872 
0.08, 0.6361639, -0.1415405, 2698.908, 3418.692, 2590.855, 3543.504, 0.3980818, 0.3145037, 0.2035316, 0.719089, 0.04955304, 0.004705106, 0.05096295, 0.004574666 
0.09999999, 0.7930669, -0.1150513, 2574.094, 3610.292, 2647.771, 3523.785, 0.2019795, 0.3501481, 0.233549, 0.1231695, -0.02723519, -0.03934043, -0.0274349, -0.03905421 
0.12, 0.951897, -0.06143188, 2524.932, 3715.216, 2690.232, 3522.117, 0.4126951, 0.5311115, 0.4128994, -0.2163671, -0.02533721, -0.05750069, -0.02583181, -0.05640164 
0.14, 1.111284, -0.0144043, 2570.702, 3702.199, 2600.871, 3668.563, 0.4024876, -0.06510237, 0.1815568, 0.1033476, -0.0181809, 0.0006158886, -0.01797287, 0.0006229929 
0.16, 1.275779, 0.04767362, 2538.24, 3777.796, 2614.517, 3690.885, 0.2769621, 0.05128125, 0.2706381, -0.05124595, -0.02327973, -0.02086831, -0.02324566, -0.0208989 
0.18, 1.442229, 0.07565793, 2611.429, 3727.077, 2546.625, 3805.791, 0.3568298, 0.03395415, 0.2355726, 0.1563257, -0.00848213, 0.02506599, -0.008307885, 0.02559158 
0.2, 1.616883, 0.07020878, 2725.496, 3626.907, 2471.196, 3927.343, 0.3050434, 0.4006346, 0.2879049, 0.3914588, 0.02878162, 0.04611463, 0.02846868, 0.04662106 
0.22, 1.777984, 0.09142558, 2551.161, 3857.109, 2654.18, 3739.384, 0.2789394, 0.3408667, 0.3102751, 0.1749281, -0.05049594, -0.01731039, -0.0494961, -0.01766051 
0.24, 1.941025, 0.08597174, 2636.785, 3774.852, 2569.288, 3856.958, 0.3164288, 0.1942927, 0.2692429, 0.2623051, -0.01410153, 0.01874953, -0.01381897, 0.01913314 
0.26, 2.106149, 0.1137849, 2585.018, 3849.088, 2632.902, 3796.066, 0.2806647, 0.2417173, 0.3071749, 0.229915, -0.02951548, -0.006990706, -0.02911375, -0.007087141 
0.28, 2.269748, 0.1139879, 2636.315, 3798.422, 2598.136, 3846.027, 0.3152457, 0.2111362, 0.2737002, 0.2957251, -0.01247019, 0.01799411, -0.01223825, 0.01833537 
0.3, 2.433352, 0.08504654, 2750.512, 3668.648, 2496.003, 3969.389, 0.2961223, 0.2350716, 0.2883427, 0.2408023, 0.03184076, 0.03083611, 0.03186086, 0.03081666 
0.32, 2.597533, 0.09805776, 2596.488, 3850.012, 2663.328, 3774.242, 0.2785229, 0.247843, 0.3022203, 0.2162558, -0.02856118, -0.006985456, -0.0281886, -0.007077757 
0.34, 2.76074, 0.06807724, 2695.655, 3730.848, 2576.591, 3872.648, 0.2966091, 0.2177639, 0.28179, 0.2396094, 0.01192132, 0.01918961, 0.01186756, 0.01927651 
0.36, 2.924582, 0.003249205, 2703.072, 3716.172, 2580.849, 3861.32, 0.2936738, 0.2178706, 0.2816373, 0.2353723, 0.0126786, 0.006483825, 0.01272735, 0.006458972 
0.38, 3.087709, -0.02212524, 2672.698, 3744.082, 2622.17, 3805.051, 0.2708466, 0.2482156, 0.3018792, 0.2028383, 0.005962696, -0.01033555, 0.006022769, -0.01023255 
0.4, 3.251028, -0.02435303, 2536.868, 3892.938, 2767.97, 3623.761, 0.2779879, 0.2445188, 0.2936863, 0.2287192, -0.0158015, -0.04298571, -0.0160636, -0.04228514 
0.42, 3.4143, -0.0005566353, 2621.33, 3782.055, 2688.933, 3704.148, 0.2774504, 0.2347119, 0.2961571, 0.2174966, -0.002942507, -0.01322587, -0.002961114, -0.01314282 
0.4400001, 3.576308, 0.01189312, 2671.063, 3710.905, 2642.586, 3745.218, 0.2928537, 0.2142024, 0.2737119, 0.2391859, -0.008752462, 0.01710319, -0.008613858, 0.01737819 
0.4600001, 3.740343, 0.04059418, 2568.113, 3818.029, 2746.25, 3610.267, 0.2780108, 0.2317806, 0.2859643, 0.2222775, -0.02398648, -0.01550341, -0.02386305, -0.01558362 
0.4800001, 3.902094, 0.05234495, 2676.612, 3677.431, 2638.76, 3722.396, 0.2911617, 0.2147104, 0.271969, 0.2400878, -0.008639668, 0.01676651, -0.008505264, 0.0170314 
0.5000001, 4.065797, 0.07510312, 2549.364, 3813.717, 2763.167, 3563.817, 0.2776777, 0.2305998, 0.2826019, 0.224865, -0.03124526, -0.01459065, -0.03093105, -0.01473893 
0.52, 4.228155, 0.04821618, 2730.57, 3588.492, 2579.131, 3766.268, 0.2800104, 0.2242642, 0.2781899, 0.2320994, 0.02260616, 0.007973142, 0.02281265, 0.007900937 
0.54, 4.390867, 0.05993348, 2603.012, 3726.4, 2702.34, 3610.456, 0.2740575, 0.2346422, 0.2826334, 0.2234042, -0.02161536, -0.007592664, -0.02143129, -0.007657876 
0.56, 4.553151, 0.03490572, 2734.959, 3560.243, 2563.5, 3761.461, 0.2796128, 0.2248447, 0.275949, 0.2313593, 0.01848244, 0.01255654, 0.01855064, 0.01251037 
0.58, 4.715127, 0.02837822, 2527.349, 3794.396, 2767.002, 3513.98, 0.2807699, 0.2322702, 0.2900468, 0.2247449, -0.02565834, -0.02305253, -0.02561782, -0.02308899 
0.6, 4.878017, -0.002203732, 2737.485, 3538.753, 2545.962, 3763.339, 0.2785398, 0.2253615, 0.2750187, 0.2305134, 0.01534348, 0.01459671, 0.0153506, 0.01458994 
0.6199999, 5.040462, -0.04385376, 2763.689, 3500.347, 2512.548, 3794.884, 0.2755537, 0.2271812, 0.2767785, 0.22855, 0.01843453, 0.01578546, 0.01846493, 0.01575946 
0.6399999, 5.202071, -0.09146118, 2732.767, 3531.086, 2537.347, 3760.386, 0.2800301, 0.2278545, 0.278184, 0.2273123, 0.008643453, 0.01340469, 0.008617985, 0.0134443 
0.6599999, 5.365139, -0.08267212, 2615.884, 3662.327, 2643.776, 3630.167, 0.2729748, 0.2310536, 0.278206, 0.2233894, -0.004784037, -0.01013435, -0.004799757, -0.01010117 
0.6799999, 5.527183, -0.08322144, 2738.721, 3515.214, 2518.189, 3773.957, 0.2829419, 0.2281602, 0.2723221, 0.2365811, 0.005795374, 0.02468243, 0.005727791, 0.02497371 
0.6999999, 5.689735, -0.05874634, 2600.187, 3674.688, 2648.018, 3619.246, 0.2720973, 0.2324291, 0.2823368, 0.2207286, -0.002097497, -0.01081014, -0.002108751, -0.01075253 
0.7199998, 5.850735, -0.07369995, 2696.76, 3560.405, 2546.354, 3737.184, 0.2785072, 0.2218729, 0.272274, 0.2306382, 0.009861315, 0.009110237, 0.0098659, 0.009106002 
0.7399998, 6.014585, -0.09088135, 2781.206, 3461.168, 2456.261, 3842.46, 0.2753926, 0.2286761, 0.2735837, 0.2314788, 0.01198381, 0.02240162, 0.01190638, 0.02254726 
0.7599998, 6.177188, -0.06915283, 2561.079, 3719.452, 2672.995, 3589.226, 0.2703639, 0.2296895, 0.276597, 0.2214171, -0.01257739, -0.01416236, -0.01258957, -0.01414866 
0.7799998, 6.339621, -0.06219482, 2759.968, 3487.627, 2472.412, 3825.294, 0.2743094, 0.2248867, 0.2720235, 0.2270046, 0.01190528, 0.02052255, 0.01184167, 0.02063278 
0.7999998, 6.502002, -0.03015137, 2562.759, 3720.774, 2667.601, 3598.869, 0.2695654, 0.2278648, 0.2762577, 0.2219566, -0.006164895, -0.0174624, -0.00620763, -0.01734225 
0.8199998, 6.664483, -0.03103638, 2703.261, 3558.422, 2526.79, 3766.003, 0.2700666, 0.2277129, 0.2749193, 0.2227297, 0.006372973, 0.01031598, 0.006357446, 0.01034118 
0.8399997, 6.826863, -0.00536538, 2571.968, 3715.339, 2658.154, 3615.384, 0.2666167, 0.2293074, 0.2778486, 0.2192635, -0.01288627, -0.01150947, -0.01287543, -0.01151915 
0.8599997, 6.988725, -0.01281738, 2744.733, 3516.632, 2486.943, 3819.55, 0.2709363, 0.2239203, 0.2727486, 0.2239026, 0.01442155, 0.009282298, 0.01446758, 0.009252762 
0.8799997, 7.151607, 0.007633645, 2549.667, 3748.66, 2683.076, 3593.378, 0.2669797, 0.2293026, 0.2756666, 0.220212, -0.01643746, -0.01379062, -0.01641095, -0.0138129 
0.8999997, 7.313845, 0.006543335, 2763.343, 3501.85, 2473.55, 3842.225, 0.2717373, 0.2261329, 0.2706665, 0.2280343, 0.006902302, 0.01748847, 0.006857115, 0.01760367 
0.9199997, 7.475726, 0.03824331, 2579.592, 3720.408, 2657.924, 3629.645, 0.2696038, 0.2234568, 0.2719171, 0.2228926, -0.01260479, -0.009848437, -0.01258357, -0.009865045 
0.9399996, 7.637448, 0.02389025, 2729.524, 3548.195, 2510.981, 3805.142, 0.2702547, 0.2223984, 0.2703434, 0.2250558, 0.00893364, 0.009035744, 0.008933075, 0.009036316 
0.9599996, 7.80008, 0.0284641, 2541.494, 3772.518, 2705.154, 3581.76, 0.269095, 0.232199, 0.2803197, 0.2219804, -0.01482169, -0.01627379, -0.01483481, -0.0162594 
0.9799996, 7.962156, 0.06718303, 2583.383, 3726.029, 2663.313, 3633.372, 0.2679056, 0.2245955, 0.2724493, 0.220487, -0.008860959, -0.008918135, -0.00886127, -0.008917823 
0.9999996, 8.125516, 0.09991018, 2619.484, 3686.443, 2630.343, 3674.671, 0.2680255, 0.2240141, 0.2719055, 0.2218309, -0.002440328, -0.00251536, -0.00244044, -0.002515244 
1.02, 8.287859, 0.1116386, 2649.586, 3654.038, 2604.834, 3707.298, 0.2657118, 0.2238987, 0.2724678, 0.22018, 6.264604E-05, 0.0005245383, 6.262704E-05, 0.0005246886 
1.04, 8.449237, 0.09117422, 2772.749, 3511.504, 2487.119, 3846.831, 0.2683765, 0.2263075, 0.2779873, 0.2201343, 0.01126197, 0.01312944, 0.01124892, 0.01314466 
1.06, 8.61212, 0.09038161, 2534.107, 3793.775, 2725.916, 3570.13, 0.2657394, 0.2242928, 0.2723565, 0.2191749, -0.01314087, -0.01460368, -0.0131526, -0.01459065 
1.08, 8.773504, 0.06314363, 2757.561, 3532.865, 2508.058, 3825.862, 0.2707127, 0.2247258, 0.2716731, 0.2253416, 0.00703502, 0.01352063, 0.007006787, 0.01357508 
1.1, 8.936325, 0.06139059, 2565.575, 3759.494, 2699.003, 3604.022, 0.2644993, 0.2249156, 0.2721473, 0.2183567, -0.006521364, -0.01333984, -0.006548607, -0.01328433 
1.12, 9.098172, 0.0292389, 2746.481, 3548.164, 2521.635, 3812.306, 0.267271, 0.221975, 0.2698188, 0.2229712, 0.01176586, 0.008132126, 0.01179238, 0.008113835 
1.14, 9.259282, 0.03159121, 2555.941, 3772.435, 2714.081, 3588.016, 0.2639949, 0.2271734, 0.2711577, 0.2198841, -0.009296329, -0.01178259, -0.009310473, -0.01176469 
1.159999, 9.422004, 0.009657023, 2734.164, 3562.914, 2535.221, 3796.798, 0.2681375, 0.2217734, 0.2709849, 0.2208727, 0.01094126, 0.005781845, 0.01097624, 0.00576341 
1.179999, 9.584364, 0.02360373, 2574.492, 3750.502, 2696.018, 3609.022, 0.2650524, 0.2233739, 0.2696978, 0.2186773, -0.01048817, -0.006801507, -0.01046453, -0.006816874 
1.199999, 9.746278, 0.00810432, 2731.564, 3566.171, 2539.746, 3791.618, 0.2658437, 0.2211804, 0.2679399, 0.2207338, 0.01055535, 0.005620488, 0.01058763, 0.005603351 
1.219999, 9.907612, 0.02015966, 2563.352, 3763.043, 2710.093, 3591.947, 0.2657316, 0.2247272, 0.2726125, 0.2188423, -0.006790386, -0.01173363, -0.006810961, -0.01169818 
1.239999, 10.06924, 0.005850378, 2712.214, 3587.826, 2561.039, 3765.626, 0.2697276, 0.221218, 0.2712517, 0.2211926, 0.006230813, 0.004853152, 0.006236117, 0.004849023 
1.259999, 10.23074, 0.02887183, 2570.166, 3752.887, 2699.938, 3601.693, 0.2651196, 0.2224247, 0.2691947, 0.219037, -0.008284991, -0.009133423, -0.008289296, -0.00912868 
1.279999, 10.39227, 0.01718539, 2728.836, 3566.149, 2541.204, 3786.708, 0.2661045, 0.2219168, 0.2700423, 0.2202002, 0.00925504, 0.005243605, 0.009278025, 0.005230612 
1.299999, 10.55479, 0.0341677, 2603.293, 3712.678, 2666.561, 3639.3, 0.2639008, 0.2258342, 0.2711082, 0.2192928, -0.004990412, -0.006249752, -0.004994267, -0.006244928 
1.319999, 10.71692, 0.01230257, 2740.042, 3551.171, 2528.348, 3799.914, 0.2644738, 0.2219502, 0.2681604, 0.2196605, 0.007347151, 0.008263947, 0.007342984, 0.008268637 
1.339999, 10.87865, 0.03142447, 2579.645, 3738.503, 2688.791, 3611.454, 0.2639137, 0.222948, 0.2680426, 0.2194815, -0.007003464, -0.008212679, -0.007008655, -0.008206598 
1.359999, 11.04039, 0.01090397, 2737.4, 3552.306, 2529.581, 3796.476, 0.264063, 0.2216275, 0.2676294, 0.2193951, 0.007117467, 0.008014919, 0.007113516, 0.008019369 
1.379999, 11.20058, 0.02879681, 2563.342, 3755.79, 2704.607, 3591.073, 0.2661189, 0.2221887, 0.2706505, 0.2186891, -0.008304935, -0.009084579, -0.008308901, -0.009080243 
1.399999, 11.36188, 0.01033888, 2752.607, 3532.539, 2513.296, 3813.586, 0.2683702, 0.2214677, 0.2712961, 0.2200847, 0.007945936, 0.009381584, 0.007938879, 0.009389925 
1.419999, 11.52298, 0.02806829, 2565.192, 3751.839, 2702.762, 3591.423, 0.2675784, 0.227862, 0.273496, 0.2226701, -0.007693767, -0.008707959, -0.007698547, -0.008702552 
1.439999, 11.68433, 0.01063797, 2750.661, 3533.536, 2515.654, 3809.588, 0.2692423, 0.2253342, 0.2712253, 0.2249041, 0.007687594, 0.009039406, 0.007681166, 0.00904697 
1.459999, 11.84689, 0.02849826, 2562.866, 3752.844, 2700.811, 3592.037, 0.2657296, 0.2266444, 0.2716178, 0.2215247, -0.007683974, -0.008200545, -0.007686406, -0.008197951 
1.479999, 12.0081, 0.01109331, 2746.097, 3537.294, 2518.007, 3805.193, 0.2675078, 0.2240521, 0.2694047, 0.2237496, 0.007334496, 0.008620642, 0.007328662, 0.008627504 
1.499999, 12.17035, 0.02767905, 2553.435, 3762.819, 2707.172, 3583.52, 0.2630715, 0.2244662, 0.2690271, 0.2193192, -0.00795297, -0.008602667, -0.007956135, -0.008599245 
1.519999, 12.33213, 0.009368541, 2747.244, 3535.428, 2514.125, 3809.251, 0.2648502, 0.2223451, 0.26696, 0.2216957, 0.007634546, 0.008293558, 0.007631434, 0.008296941 
1.539999, 12.49396, 0.02556419, 2555.276, 3760.214, 2704.795, 3585.955, 0.2623712, 0.2228339, 0.2681742, 0.2177036, -0.007464737, -0.008403873, -0.007469034, -0.00839904 
1.559999, 12.65555, 0.007888244, 2745.787, 3536.738, 2514.416, 3808.564, 0.2642151, 0.2201761, 0.2659141, 0.2198297, 0.007167497, 0.0081857, 0.007162985, 0.008190856 
1.579999, 12.81701, 0.02339323, 2565.286, 3748.285, 2694.934, 3597.262, 0.2622243, 0.222212, 0.2676855, 0.2174005, -0.006496268, -0.007523927, -0.006500361, -0.007519191 
1.599999, 12.97837, 0.007750861, 2733.08, 3551.451, 2527.128, 3793.501, 0.2639381, 0.2199931, 0.2657935, 0.2194565, 0.006000777, 0.007074358, 0.005996797, 0.007079054 
1.619999, 13.13974, 0.01942498, 2587.109, 3722.682, 2673.266, 3622.563, 0.2622333, 0.221853, 0.2673238, 0.2174808, -0.00476874, -0.005720993, -0.004771527, -0.005717651 
1.639999, 13.30103, 0.01277838, 2694.586, 3596.78, 2566.06, 3748.172, 0.2634531, 0.2202688, 0.2659344, 0.2189629, 0.003114467, 0.003866253, 0.003113022, 0.003868048 
1.659999, 13.46233, 0.01158183, 2645.427, 3654.656, 2615.608, 3690.371, 0.2625782, 0.2211223, 0.2666375, 0.2180141, -0.0007000877, -0.0008318009, -0.0007001443, -0.0008317336 
1.679999, 13.62361, 0.01172212, 2652.679, 3646.277, 2608.775, 3698.55, 0.2628022, 0.2207555, 0.2662278, 0.218275, -7.391904E-05, -5.828937E-05, -7.391834E-05, -5.828992E-05 
1.699999, 13.78485, 0.01233963, 2653.484, 3645.612, 2608.482, 3699.066, 0.2626639, 0.2207522, 0.2661836, 0.2181757, -2.334231E-05, 5.684272E-06, -2.33419E-05, 5.684389E-06 
1.719999, 13.94607, 0.01315922, 2654.069, 3645.179, 2608.416, 3699.422, 0.2625196, 0.2207412, 0.2661428, 0.2180877, -1.081693E-05, 2.205795E-05, -1.081673E-05, 2.205842E-05 
1.739999, 14.10727, 0.01405335, 2654.68, 3644.779, 2608.51, 3699.689, 0.2623879, 0.2207163, 0.2660865, 0.2180114, -7.466244E-06, 2.679743E-05, -7.466117E-06, 2.679803E-05 
1.759999, 14.26843, 0.01495207, 2655.215, 3644.479, 2608.556, 3699.924, 0.2622675, 0.2206853, 0.26602, 0.2179436, -7.454393E-06, 2.721965E-05, -7.454242E-06, 2.722023E-05 
1.779999, 14.42956, 0.01581274, 2655.752, 3644.209, 2608.717, 3700.054, 0.2621551, 0.2206509, 0.2659473, 0.217881, -8.475001E-06, 2.626423E-05, -8.474828E-06, 2.626481E-05 
1.799999, 14.59067, 0.01660728, 2656.157, 3644.024, 2608.864, 3700.132, 0.2620474, 0.2206135, 0.2658697, 0.2178221, -9.825219E-06, 2.481995E-05, -9.825024E-06, 2.482051E-05 
1.819999, 14.75175, 0.01731566, 2656.579, 3643.864, 2609.08, 3700.242, 0.2619464, 0.2205748, 0.2657902, 0.2177675, -1.114367E-05, 2.340613E-05, -1.114344E-05, 2.340666E-05 
1.839999, 14.91281, 0.01792627, 2656.898, 3643.771, 2609.339, 3700.216, 0.2618492, 0.2205342, 0.265709, 0.2177151, -1.245007E-05, 2.193419E-05, -1.244982E-05, 2.193466E-05 
1.859999, 15.07383, 0.01843242, 2657.189, 3643.685, 2609.581, 3700.145, 0.2617569, 0.220492, 0.2656265, 0.2176665, -1.358058E-05, 2.067519E-05, -1.358032E-05, 2.067566E-05 
1.879999, 15.23483, 0.01883204, 2657.392, 3643.672, 2609.891, 3700.067, 0.2616678, 0.2204484, 0.2655428, 0.2176197, -1.452494E-05, 1.962121E-05, -1.452467E-05, 1.962165E-05 
1.899999, 15.39579, 0.01912685, 2657.606, 3643.666, 2610.199, 3699.947, 0.2615847, 0.2204039, 0.2654601, 0.2175753, -1.541819E-05, 1.859046E-05, -1.541788E-05, 1.859087E-05 
1.919999, 15.55673, 0.01932245, 2657.72, 3643.707, 2610.502, 3699.761, 0.2615053, 0.2203576, 0.2653776, 0.2175319, -1.616091E-05, 1.773493E-05, -1.61606E-05, 1.773532E-05 
1.939999, 15.71764, 0.01942679, 2657.792, 3643.819, 2610.799, 3699.604, 0.2614292, 0.2203111, 0.2652954, 0.2174908, -1.67963E-05, 1.698542E-05, -1.679597E-05, 1.698579E-05 
1.959999, 15.87853, 0.01944852, 2657.852, 3643.854, 2611.059, 3699.371, 0.2613559, 0.2202655, 0.2652135, 0.2174521, -1.730062E-05, 1.639715E-05, -1.730031E-05, 1.639751E-05 
1.979999, 16.03939, 0.01939885, 2657.841, 3643.953, 2611.323, 3699.143, 0.2612861, 0.2202192, 0.2651339, 0.217414, -1.7817E-05, 1.574146E-05, -1.781665E-05, 1.574182E-05 
1.999999, 16.20021, 0.01928874, 2657.827, 3644.04, 2611.598, 3698.92, 0.2612177, 0.2201728, 0.2650543, 0.217377, -1.821079E-05, 1.525663E-05, -1.821044E-05, 1.525696E-05 
2.019999, 16.36101, 0.0191304, 2657.797, 3644.145, 2611.811, 3698.705, 0.2611537, 0.2201272, 0.2649775, 0.2173415, -1.852504E-05, 1.485498E-05, -1.852469E-05, 1.485532E-05 
2.039999, 16.52179, 0.01893522, 2657.708, 3644.231, 2612.046, 3698.378, 0.2610906, 0.2200817, 0.2649024, 0.2173051, -1.884922E-05, 1.441519E-05, -1.884886E-05, 1.441549E-05 
2.059999, 16.68253, 0.01871324, 2657.706, 3644.294, 2612.219, 3698.2, 0.2610296, 0.2200371, 0.2648288, 0.2172706, -1.9082E-05, 1.411522E-05, -1.908163E-05, 1.411552E-05 
2.079999, 16.84325, 0.01847475, 2657.63, 3644.296, 2612.415, 3697.947, 0.2609685, 0.2199931, 0.2647562, 0.2172359, -1.93023E-05, 1.380336E-05, -1.930196E-05, 1.380367E-05 
2.099999, 17.00394, 0.01822906, 2657.589, 3644.327, 2612.597, 3697.748, 0.2609095, 0.2199503, 0.2646855, 0.2172018, -1.947576E-05, 1.35613E-05, -1.947539E-05, 1.356158E-05 
2.119999, 17.1646, 0.01798406, 2657.526, 3644.345, 2612.702, 3697.503, 0.2608521, 0.2199095, 0.264618, 0.2171684, -1.967003E-05, 1.327858E-05, -1.966966E-05, 1.327886E-05 
2.139999, 17.32524, 0.01774658, 2657.488, 3644.375, 2612.853, 3697.306, 0.2607939, 0.2198673, 0.264551, 0.2171331, -1.983778E-05, 1.303861E-05, -1.983735E-05, 1.303889E-05 
2.159999, 17.48585, 0.01752164, 2657.444, 3644.311, 2612.938, 3697.125, 0.2607359, 0.2198284, 0.2644847, 0.2171001, -1.995397E-05, 1.286806E-05, -1.995356E-05, 1.286835E-05 
2.179999, 17.64643, 0.01731388, 2657.194, 3644.049, 2612.835, 3696.689, 0.2606776, 0.2197879, 0.2644199, 0.2170644, -2.010226E-05, 1.264545E-05, -2.010189E-05, 1.264574E-05 
2.199999, 17.80699, 0.01712638, 2657.132, 3644.021, 2612.876, 3696.537, 0.2606218, 0.2197479, 0.2643586, 0.2170286, -2.022737E-05, 1.246519E-05, -2.022699E-05, 1.246545E-05 
2.219999, 17.96751, 0.0169608, 2657.337, 3644.224, 2613.139, 3696.64, 0.2605653, 0.2197131, 0.2642974, 0.2169966, -2.034277E-05, 1.229357E-05, -2.034238E-05, 1.229384E-05 
2.239999, 18.12802, 0.01681748, 2657.398, 3644.132, 2613.216, 3696.527, 0.2605092, 0.2196761, 0.2642378, 0.2169621, -2.043403E-05, 1.21726E-05, -2.043362E-05, 1.217283E-05 
2.259999, 18.2885, 0.01669712, 2657.356, 3643.988, 2613.232, 3696.345, 0.260451, 0.2196404, 0.2641773, 0.216928, -2.056506E-05, 1.198396E-05, -2.056466E-05, 1.198423E-05 
2.279999, 18.44894, 0.0165992, 2657.23, 3643.674, 2613.122, 3695.976, 0.2603935, 0.2196037, 0.2641182, 0.2168922, -2.065623E-05, 1.185865E-05, -2.065587E-05, 1.185894E-05 
2.299999, 18.60937, 0.01652307, 2657.23, 3643.573, 2613.18, 3695.84, 0.2603353, 0.2195695, 0.2640589, 0.2168581, -2.076589E-05, 1.170419E-05, -2.076551E-05, 1.170446E-05 
2.319999, 18.76976, 0.01646592, 2657.319, 3643.449, 2613.225, 3695.73, 0.260278, 0.2195332, 0.2640015, 0.2168216, -2.082099E-05, 1.164017E-05, -2.08206E-05, 1.164044E-05 
2.339998, 18.93013, 0.01642576, 2657.572, 3643.591, 2613.505, 3695.906, 0.2602194, 0.2195017, 0.2639433, 0.2167895, -2.091893E-05, 1.150803E-05, -2.091852E-05, 1.150829E-05 
2.359998, 19.09048, 0.01640032, 2657.655, 3643.437, 2613.551, 3695.758, 0.2601617, 0.2194684, 0.2638861, 0.2167553, -2.099526E-05, 1.141504E-05, -2.099484E-05, 1.141526E-05 
2.379998, 19.25079, 0.0163871, 2657.521, 3643.111, 2613.401, 3695.449, 0.2601024, 0.2194343, 0.2638278, 0.2167203, -2.107667E-05, 1.130721E-05, -2.107627E-05, 1.130746E-05 
2.399998, 19.41109, 0.01638353, 2657.628, 3643.014, 2613.484, 3695.379, 0.2600429, 0.2194008, 0.2637691, 0.2166857, -2.112363E-05, 1.125166E-05, -2.112322E-05, 1.125193E-05 
2.419998, 19.57135, 0.0163882, 2657.901, 3643.154, 2613.753, 3695.487, 0.2599866, 0.2193678, 0.2637137, 0.2166517, -2.119814E-05, 1.115332E-05, -2.119772E-05, 1.115357E-05 
2.439998, 19.73159, 0.01639823, 2657.991, 3643.058, 2613.865, 3695.396, 0.2599279, 0.2193347, 0.2636561, 0.2166176, -2.122225E-05, 1.113272E-05, -2.122186E-05, 1.113295E-05 
2.459998, 19.8918, 0.01641118, 2657.905, 3642.736, 2613.743, 3695.08, 0.2598701, 0.2193003, 0.2635993, 0.2165822, -2.127996E-05, 1.105593E-05, -2.127951E-05, 1.105617E-05 
2.479998, 20.05198, 0.01642514, 2658.002, 3642.58, 2613.857, 3694.999, 0.2598118, 0.2192667, 0.2635418, 0.216548, -2.129404E-05, 1.104528E-05, -2.12936E-05, 1.104553E-05 
2.499998, 20.21214, 0.01643916, 2658.271, 3642.788, 2614.088, 3695.152, 0.259755, 0.2192342, 0.2634851, 0.2165152, -2.13083E-05, 1.103265E-05, -2.13079E-05, 1.103287E-05 
2.519998, 20.37227, 0.01645137, 2658.375, 3642.705, 2614.182, 3695.077, 0.2596976, 0.2192005, 0.2634278, 0.2164809, -2.131713E-05, 1.102651E-05, -2.131673E-05, 1.102671E-05 
2.539998, 20.53238, 0.01646076, 2658.453, 3642.588, 2614.307, 3694.968, 0.2596405, 0.2191674, 0.263371, 0.2164477, -2.133585E-05, 1.099895E-05, -2.13354E-05, 1.099917E-05 
2.559998, 20.69246, 0.01646637, 2658.57, 3642.507, 2614.42, 3694.858, 0.2595824, 0.219134, 0.2633125, 0.216414, -2.132825E-05, 1.10135E-05, -2.132783E-05, 1.101374E-05 
2.579998, 20.85251, 0.01646783, 2658.615, 3642.472, 2614.519, 3694.791, 0.2595271, 0.2191, 0.2632566, 0.2163803, -2.133861E-05, 1.099294E-05, -2.133816E-05, 1.099316E-05 
2.599998, 21.01254, 0.01646481, 2658.692, 3642.373, 2614.652, 3694.72, 0.2594713, 0.219066, 0.2632002, 0.2163474, -2.13246E-05, 1.100766E-05, -2.132422E-05, 1.10079E-05 
2.619998, 21.17254, 0.01645626, 2658.836, 3642.333, 2614.742, 3694.642, 0.2594145, 0.2190333, 0.2631424, 0.2163149, -2.131567E-05, 1.10203E-05, -2.131529E-05, 1.102054E-05 
2.639998, 21.3325, 0.016443, 2658.954, 3642.233, 2614.867, 3694.463, 0.2593581, 0.2189997, 0.2630846, 0.2162823, -2.129628E-05, 1.104092E-05, -2.129587E-05, 1.104114E-05 
2.659998, 21.49245, 0.01642542, 2659.037, 3642.169, 2614.989, 3694.352, 0.2593032, 0.2189663, 0.2630279, 0.2162499, -2.125753E-05, 1.108969E-05, -2.125712E-05, 1.108991E-05 
2.679998, 21.65236, 0.01640325, 2659.06, 3642.107, 2615.082, 3694.306, 0.2592484, 0.2189333, 0.2629718, 0.2162178, -2.124428E-05, 1.109586E-05, -2.124386E-05, 1.10961E-05 
2.699998, 21.81226, 0.01637743, 2659.146, 3642.114, 2615.184, 3694.191, 0.2591931, 0.2189001, 0.2629146, 0.2161859, -2.120064E-05, 1.115087E-05, -2.120024E-05, 1.115113E-05 
2.719998, 21.97212, 0.01634862, 2659.229, 3642.053, 2615.342, 3694.041, 0.2591388, 0.2188676, 0.2628583, 0.2161544, -2.119871E-05, 1.113517E-05, -2.11983E-05, 1.113541E-05 
2.739998, 22.13196, 0.01631624, 2659.37, 3641.972, 2615.475, 3693.967, 0.2590843, 0.2188333, 0.2628019, 0.2161215, -2.114247E-05, 1.121007E-05, -2.114203E-05, 1.121031E-05 
2.759998, 22.29177, 0.0162817, 2659.406, 3641.922, 2615.59, 3693.885, 0.2590327, 0.2188003, 0.2627481, 0.2160904, -2.111102E-05, 1.123843E-05, -2.111064E-05, 1.123863E-05 
2.779998, 22.45156, 0.0162446, 2659.521, 3641.864, 2615.728, 3693.799, 0.2589776, 0.2187678, 0.262691, 0.2160592, -2.106681E-05, 1.129098E-05, -2.106647E-05, 1.129117E-05 
2.799998, 22.61132, 0.01620588, 2659.625, 3641.779, 2615.829, 3693.68, 0.2589248, 0.2187348, 0.2626359, 0.2160278, -2.102193E-05, 1.134611E-05, -2.102147E-05, 1.134634E-05 
2.819998, 22.77104, 0.01616567, 2659.666, 3641.721, 2615.895, 3693.589, 0.2588725, 0.2187029, 0.2625817, 0.2159974, -2.099423E-05, 1.136759E-05, -2.099385E-05, 1.13679E-05 
2.839998, 22.93075, 0.01612454, 2659.768, 3641.66, 2616.023, 3693.463, 0.2588201, 0.2186714, 0.2625271, 0.2159673, -2.09629E-05, 1.139847E-05, -2.096244E-05, 1.139873E-05 
2.859998, 23.09042, 0.01608342, 2659.82, 3641.593, 2616.16, 3693.297, 0.2587665, 0.2186399, 0.2624712, 0.215937, -2.093184E-05, 1.143183E-05, -2.093142E-05, 1.143213E-05 
2.879998, 23.25007, 0.0160422, 2659.888, 3641.511, 2616.255, 3693.247, 0.2587151, 0.2186065, 0.2624176, 0.2159055, -2.087327E-05, 1.150102E-05, -2.087285E-05, 1.150132E-05 
2.899998, 23.4097, 0.01600158, 2659.956, 3641.458, 2616.351, 3693.091, 0.2586634, 0.2185742, 0.2623639, 0.2158746, -2.084879E-05, 1.152231E-05, -2.084845E-05, 1.152254E-05 
2.919998, 23.5693, 0.0159613, 2660.043, 3641.373, 2616.464, 3692.973, 0.2586133, 0.2185421, 0.2623118, 0.2158436, -2.081394E-05, 1.155543E-05, -2.081352E-05, 1.15557E-05 
2.939998, 23.72887, 0.01592168, 2660.096, 3641.328, 2616.57, 3692.896, 0.2585631, 0.2185092, 0.26226, 0.2158121, -2.077432E-05, 1.160263E-05, -2.077391E-05, 1.16029E-05 
2.959998, 23.88841, 0.01588303, 2660.163, 3641.282, 2616.69, 3692.817, 0.2585113, 0.2184765, 0.2622061, 0.2157808, -2.074155E-05, 1.163838E-05, -2.074113E-05, 1.163854E-05 
2.979998, 24.04794, 0.01584457, 2660.26, 3641.209, 2616.784, 3692.713, 0.2584597, 0.218447, 0.2621526, 0.2157525, -2.072385E-05, 1.165109E-05, -2.072348E-05, 1.165139E-05 
2.999998, 24.20743, 0.01580703, 2660.349, 3641.072, 2616.87, 3692.543, 0.2584093, 0.2184163, 0.2621002, 0.2157232, -2.066393E-05, 1.172894E-05, -2.066348E-05, 1.172918E-05 
3.019998, 24.36689, 0.0157705, 2660.383, 3641.01, 2616.957, 3692.449, 0.2583588, 0.2183849, 0.2620479, 0.2156931, -2.063194E-05, 1.176228E-05, -2.063168E-05, 1.176255E-05 
3.039998, 24.52633, 0.01573502, 2660.457, 3640.947, 2617.111, 3692.356, 0.258307, 0.2183533, 0.2619942, 0.2156626, -2.060761E-05, 1.178467E-05, -2.060724E-05, 1.178487E-05 
3.059998, 24.68574, 0.01569999, 2660.528, 3640.894, 2617.178, 3692.275, 0.2582594, 0.2183213, 0.2619447, 0.2156317, -2.057052E-05, 1.182859E-05, -2.057011E-05, 1.182882E-05 
3.079998, 24.84512, 0.01566599, 2660.565, 3640.8, 2617.264, 3692.084, 0.2582087, 0.2182901, 0.2618924, 0.2156016, -2.054393E-05, 1.185524E-05, -2.054363E-05, 1.185555E-05 
3.099998, 25.00448, 0.01563183, 2660.674, 3640.734, 2617.366, 3692.025, 0.2581599, 0.2182596, 0.261842, 0.2155723, -2.051765E-05, 1.188129E-05, -2.051721E-05, 1.188149E-05 
3.119998, 25.16381, 0.01559848, 2660.721, 3640.612, 2617.437, 3691.873, 0.2581114, 0.2182278, 0.2617914, 0.215542, -2.046385E-05, 1.195208E-05, -2.046348E-05, 1.195231E-05 
3.139998, 25.32312, 0.01556562, 2660.826, 3640.601, 2617.591, 3691.802, 0.2580594, 0.2181982, 0.2617377, 0.2155134, -2.043636E-05, 1.198173E-05, -2.043591E-05, 1.1982E-05 
3.159998, 25.4824, 0.01553278, 2660.902, 3640.562, 2617.659, 3691.735, 0.2580081, 0.2181677, 0.2616848, 0.2154842, -2.040606E-05, 1.201497E-05, -2.040576E-05, 1.20152E-05 
3.179998, 25.64165, 0.01550087, 2660.983, 3640.496, 2617.792, 3691.574, 0.2579603, 0.2181369, 0.2616349, 0.2154546, -2.037086E-05, 1.205647E-05, -2.037052E-05, 1.205678E-05 
3.199998, 25.80088, 0.01546816, 2661.042, 3640.365, 2617.871, 3691.484, 0.2579111, 0.2181059, 0.2615842, 0.2154246, -2.034776E-05, 1.207798E-05, -2.034742E-05, 1.207832E-05 
3.219998, 25.96008, 0.0154353, 2661.108, 3640.34, 2617.957, 3691.399, 0.2578614, 0.2180743, 0.2615329, 0.2153943, -2.032423E-05, 1.209987E-05, -2.032393E-05, 1.210014E-05 
3.239998, 26.11925, 0.01540242, 2661.155, 3640.231, 2618.055, 3691.295, 0.2578141, 0.2180418, 0.2614835, 0.215363, -2.027587E-05, 1.216309E-05, -2.027547E-05, 1.216333E-05 
3.259998, 26.2784, 0.01536961, 2661.242, 3640.198, 2618.164, 3691.169, 0.257765, 0.218012, 0.2614326, 0.2153343, -2.025433E-05, 1.218364E-05, -2.025392E-05, 1.218395E-05 
3.279998, 26.43751, 0.01533662, 2661.33, 3640.055, 2618.302, 3691.031, 0.2577162, 0.2179829, 0.261382, 0.2153066, -2.021411E-05, 1.223246E-05, -2.021377E-05, 1.223277E-05 
3.299998, 26.59661, 0.01530327, 2661.39, 3639.979, 2618.354, 3690.925, 0.2576677, 0.2179501, 0.2613316, 0.2152754, -2.015964E-05, 1.230235E-05, -2.015923E-05, 1.230252E-05 
3.319998, 26.75568, 0.01526991, 2661.448, 3639.98, 2618.463, 3690.834, 0.2576192, 0.2179203, 0.2612812, 0.2152465, -2.014334E-05, 1.231335E-05, -2.0143E-05, 1.23136E-05 
3.339998, 26.91472, 0.01523615, 2661.554, 3639.862, 2618.591, 3690.719, 0.2575687, 0.2178919, 0.2612287, 0.2152196, -2.010508E-05, 1.235817E-05, -2.010468E-05, 1.235849E-05 
3.359998, 27.07374, 0.01520188, 2661.611, 3639.747, 2618.67, 3690.607, 0.2575213, 0.2178597, 0.2611795, 0.2151889, -2.007517E-05, 1.238981E-05, -2.007476E-05, 1.239005E-05 
3.379997, 27.23273, 0.01516733, 2661.707, 3639.711, 2618.787, 3690.478, 0.2574725, 0.2178299, 0.2611287, 0.2151601, -2.003632E-05, 1.243616E-05, -2.003592E-05, 1.243641E-05 
3.399997, 27.39169, 0.01513299, 2661.752, 3639.686, 2618.912, 3690.357, 0.2574229, 0.2177988, 0.2610772, 0.2151304, -2.001042E-05, 1.245936E-05, -2.001008E-05, 1.245968E-05 
3.419997, 27.55063, 0.01509825, 2661.83, 3639.566, 2619.013, 3690.274, 0.2573767, 0.217768, 0.2610289, 0.2151011, -1.996856E-05, 1.250894E-05, -1.996823E-05, 1.250919E-05 
3.439997, 27.70954, 0.01506305, 2661.914, 3639.527, 2619.12, 3690.173, 0.2573258, 0.2177384, 0.2609762, 0.2150726, -1.993882E-05, 1.254121E-05, -1.993848E-05, 1.254159E-05 
3.459997, 27.86842, 0.01502762, 2661.996, 3639.437, 2619.252, 3690.052, 0.2572795, 0.2177078, 0.260928, 0.2150436, -1.990673E-05, 1.257392E-05, -1.990634E-05, 1.257411E-05 
3.479997, 28.02728, 0.01499185, 2662.096, 3639.381, 2619.375, 3689.935, 0.2572309, 0.217677, 0.2608775, 0.215014, -1.98731E-05, 1.261198E-05, -1.98727E-05, 1.26123E-05 
3.499997, 28.10794, 0.06902278, 3121.568, 3113.835, 2309.9, 4062.816, 0.2150884, 0.2292343, 0.2388847, 0.2098884, -0.4837756, -5.460016E-05, -0.4832096, -5.396465E-05 
3.519997, 28.14905, 0.2063356, 3428.949, 2757.237, 2149.65, 4251.63, 0.09162086, 0.2378224, 0.1220398, 0.2088583, -0.4747608, -0.001151088, -0.4737508, -0.001128152 
3.539997, 28.13729, 0.3723914, 3717.295, 2417.506, 2004.865, 4416.855, 0.02928882, 0.2465678, 0.0539105, 0.20808, -0.469586, -0.001877116, -0.4682638, -0.001832847 
3.559997, 28.0996, 0.5633405, 3826.944, 2178.43, 1868.701, 4464.869, 0.005575527, 0.2544108, 0.02075623, 0.2091794, -0.4685643, -0.002177068, -0.4671707, -0.002123933 
3.579997, 28.06612, 0.7398133, 3817.641, 2005.101, 1732.589, 4440.042, -0.002632524, 0.2625293, 0.005453977, 0.2106701, -0.4695594, -0.002284587, -0.4682229, -0.002230036 
3.599997, 28.06536, 1.00892, 3816.254, 1838.658, 1604.734, 4421.644, -0.006155276, 0.2707942, -0.002092169, 0.21166, -0.4698585, -0.002414001, -0.4685362, -0.002356554 
3.619997, 28.04419, 1.262604, 3974.727, 1608.061, 1495.275, 4503.532, -0.008370871, 0.2834547, -0.006463279, 0.2083053, -0.4685238, -0.002698343, -0.4671116, -0.00263089 
3.639997, 28.01547, 1.509269, 4045.707, 1442.842, 1400.707, 4531.538, -0.008217968, 0.2943703, -0.008374419, 0.2073763, -0.4687901, -0.002834442, -0.4673903, -0.002763401 
3.659997, 27.99309, 1.742606, 4058.422, 1324.524, 1317.816, 4525.154, -0.007750091, 0.3046905, -0.009259114, 0.2071184, -0.4697098, -0.002887847, -0.4683647, -0.002816471 
3.679997, 27.98028, 1.984055, 4086.588, 1216.03, 1248.095, 4530.934, -0.007824506, 0.3148532, -0.009926165, 0.2064895, -0.4700258, -0.002965056, -0.4686979, -0.002891687 
3.699997, 27.95914, 2.198273, 4151.78, 1111.953, 1199.509, 4559.582, -0.008007194, 0.3254764, -0.01054864, 0.205011, -0.4699623, -0.003064457, -0.4686281, -0.002987524 
3.719997, 27.93458, 2.376956, 4170.363, 1052.555, 1167.021, 4559.789, -0.007720398, 0.3344769, -0.01079498, 0.2046191, -0.470549, -0.003080317, -0.4692501, -0.003003435 
3.739997, 27.91636, 2.529651, 4157.295, 1026.896, 1147.004, 4542.181, -0.007556825, 0.3418236, -0.01090942, 0.2048121, -0.4712418, -0.003053019, -0.4699851, -0.002977538 
3.759997, 27.90189, 2.665465, 4162.434, 1007.834, 1139.861, 4537.378, -0.007781903, 0.3482043, -0.01113705, 0.2046451, -0.4713742, -0.003050942, -0.4701261, -0.002975129 
3.779997, 27.88147, 2.767219, 4178.948, 999.7916, 1147.374, 4539.672, -0.007951023, 0.3536773, -0.01136415, 0.2042527, -0.4713676, -0.00304823, -0.47012, -0.002971868 
3.799997, 27.85932, 2.828612, 4160.184, 1023.577, 1165.067, 4520.828, -0.007837544, 0.3571647, -0.01138648, 0.2046148, -0.4717806, -0.002988249, -0.4705594, -0.002913843 
3.819997, 27.84422, 2.86798, 4122.665, 1065.465, 1188.013, 4492.132, -0.007876012, 0.3586733, -0.01135896, 0.2053961, -0.4721026, -0.0029131, -0.4709028, -0.002840979 
3.839997, 27.83076, 2.892712, 4111.976, 1101.248, 1217.248, 4481.049, -0.008214931, 0.3592301, -0.01146501, 0.2056561, -0.4718503, -0.002880137, -0.4706376, -0.002808054 
3.859997, 27.8109, 2.88798, 4108.032, 1140.923, 1253.148, 4474.057, -0.008380311, 0.3588354, -0.01153412, 0.205797, -0.4716018, -0.002845975, -0.4703766, -0.002774128 
3.879997, 27.79118, 2.85534, 4071.313, 1201.308, 1290.621, 4447.712, -0.008287196, 0.3566982, -0.01141844, 0.2066548, -0.4717568, -0.00276871, -0.4705433, -0.002699128 
3.899997, 27.77835, 2.815736, 4030.282, 1263.475, 1326.061, 4420.608, -0.008399876, 0.353305, -0.01131788, 0.207635, -0.4717005, -0.002702094, -0.4704862, -0.00263434 
3.919997, 27.76487, 2.772659, 4022.345, 1308.294, 1361.498, 4414.665, -0.008733324, 0.3497996, -0.0113554, 0.2079462, -0.4711355, -0.002685199, -0.4698895, -0.00261692 
3.939997, 27.7447, 2.711677, 4016.086, 1352.896, 1397.461, 4409.776, -0.008801853, 0.3460184, -0.01132862, 0.2082271, -0.4707527, -0.002660982, -0.4694855, -0.002592722 
3.959997, 27.72619, 2.639505, 3979.363, 1409.322, 1428.423, 4387.114, -0.008657506, 0.3413427, -0.01114826, 0.2091567, -0.4707678, -0.002602497, -0.4695037, -0.002536037 
3.979997, 27.71386, 2.576065, 3950.432, 1456.08, 1453.375, 4370.987, -0.008773765, 0.3365518, -0.01104282, 0.2099315, -0.4704909, -0.002571033, -0.4692118, -0.0025051 
3.999997, 27.69876, 2.519099, 3956.413, 1481.702, 1475.953, 4377.125, -0.009032629, 0.3325886, -0.01107255, 0.2099584, -0.4698227, -0.002584516, -0.4685038, -0.002517373 
4.019997, 27.67725, 2.453715, 3955.636, 1507.293, 1495.678, 4378.774, -0.008967547, 0.3289496, -0.01101106, 0.2100823, -0.4695025, -0.002578852, -0.4681651, -0.002511507 
4.039997, 27.65908, 2.389992, 3927.038, 1541.522, 1508.823, 4364.36, -0.00876574, 0.3250633, -0.0108313, 0.2107934, -0.4695423, -0.002544453, -0.4682086, -0.002478384 
4.059997, 27.64628, 2.344897, 3915.724, 1560.596, 1515.877, 4362.06, -0.008880032, 0.3217774, -0.01077545, 0.2111184, -0.4692132, -0.00254535, -0.4678599, -0.002478988 
4.079997, 27.62882, 2.309211, 3936.01, 1560.257, 1521.18, 4379.126, -0.009053864, 0.3196774, -0.0108335, 0.210724, -0.4686245, -0.00258059, -0.4672347, -0.00251241 
4.099997, 27.60606, 2.268456, 3939.524, 1565.794, 1524.14, 4385.328, -0.008871368, 0.3179025, -0.01076784, 0.210639, -0.4685154, -0.002582945, -0.4671191, -0.002514694 
4.119997, 27.58862, 2.236212, 3918.198, 1578.658, 1521.228, 4376.892, -0.008660968, 0.3159929, -0.01062117, 0.2110744, -0.468662, -0.002563099, -0.4672755, -0.002495719 
4.139997, 27.57523, 2.224978, 3922.554, 1574.099, 1514.537, 4385.249, -0.008808549, 0.3148759, -0.01063651, 0.2109334, -0.4683464, -0.002585052, -0.4669402, -0.002516774 
4.159997, 27.55559, 2.218692, 3951.043, 1556.1, 1508.663, 4407.362, -0.008907434, 0.3147836, -0.01072242, 0.2102336, -0.4679221, -0.002626201, -0.4664886, -0.002556213 
4.179997, 27.53259, 2.206434, 3952.552, 1551.365, 1502.074, 4412.154, -0.008651746, 0.3146293, -0.0106511, 0.2100918, -0.4680516, -0.002623892, -0.4666266, -0.002554191 
4.199997, 27.51634, 2.204679, 3935.455, 1552.125, 1491.161, 4405.779, -0.008494981, 0.3142596, -0.01054714, 0.2103475, -0.4682677, -0.002609626, -0.4668569, -0.002540902 
4.219997, 27.50236, 2.220253, 3949.993, 1535.15, 1479.7, 4419.37, -0.008690175, 0.3146583, -0.01062375, 0.2099164, -0.4679631, -0.002641057, -0.4665327, -0.002571037 
4.239997, 27.4812, 2.233454, 3979.009, 1512.346, 1471.392, 4439.997, -0.00873008, 0.3157152, -0.01071561, 0.2091597, -0.4676981, -0.002676226, -0.4662502, -0.002604611 
4.259997, 27.4588, 2.238335, 3973.5, 1507.105, 1462.772, 4438.478, -0.008451619, 0.3163241, -0.01063297, 0.2091381, -0.4679913, -0.002662775, -0.4665628, -0.002592186 
4.279997, 27.44387, 2.253357, 3958.35, 1505.369, 1452.136, 4431.619, -0.008379345, 0.316652, -0.01056705, 0.2093524, -0.4681959, -0.002649798, -0.4667808, -0.00257999 
4.299997, 27.4291, 2.280077, 3978.059, 1485.856, 1442.972, 4445.902, -0.008614519, 0.3176869, -0.01068124, 0.2088273, -0.4678661, -0.002683645, -0.4664298, -0.002612292 
4.319997, 27.40675, 2.296773, 4001.067, 1467.676, 1437.966, 4460.258, -0.008597513, 0.319027, -0.01075481, 0.2082323, -0.4677314, -0.002705368, -0.4662865, -0.002633105 
4.339997, 27.38578, 2.304917, 3986.428, 1469.057, 1432.606, 4450.924, -0.008330211, 0.3196208, -0.01065331, 0.2084618, -0.4681002, -0.002679524, -0.4666795, -0.002608484 
4.359997, 27.37203, 2.323192, 3973.956, 1468.796, 1426.179, 4443.696, -0.008363853, 0.3200153, -0.01062589, 0.2086788, -0.4681953, -0.002670462, -0.4667812, -0.002600102 
4.379997, 27.35603, 2.346809, 3996.035, 1452.1, 1422.467, 4456.969, -0.008607455, 0.3210729, -0.01075571, 0.2081701, -0.4678249, -0.002702554, -0.4663873, -0.002630539 
4.399997, 27.33315, 2.356232, 4009.474, 1442.761, 1422.355, 4463.437, -0.008528182, 0.3220918, -0.01078893, 0.2078489, -0.4677922, -0.002709266, -0.4663525, -0.002636965 
4.419997, 27.31381, 2.359025, 3987.841, 1451.577, 1421.297, 4448.371, -0.008298256, 0.3222762, -0.01067457, 0.2083075, -0.4681551, -0.002675936, -0.4667396, -0.00260531 
4.439997, 27.30083, 2.372674, 3978.93, 1452.826, 1418.918, 4441.999, -0.008422661, 0.3224252, -0.01068002, 0.2085105, -0.4681029, -0.002672746, -0.4666848, -0.002602003 
4.459997, 27.28342, 2.387043, 4001.986, 1439.798, 1419.882, 4454.542, -0.008646871, 0.32321, -0.01080822, 0.2080394, -0.4676957, -0.002703384, -0.4662516, -0.002630961 
4.479997, 27.26029, 2.385461, 4006.005, 1439.052, 1423.362, 4454.394, -0.008503324, 0.3237174, -0.01079476, 0.2079801, -0.4677501, -0.002697062, -0.4663102, -0.002624881 
4.499997, 27.2427, 2.381554, 3979.708, 1452.761, 1424.468, 4436.255, -0.008318984, 0.3234111, -0.01067371, 0.2085889, -0.4680678, -0.002661661, -0.4666491, -0.0025911 
4.519997, 27.23006, 2.389851, 3977.291, 1453.274, 1424.71, 4433.696, -0.008519008, 0.323332, -0.0107117, 0.2086984, -0.4678553, -0.002668421, -0.4664237, -0.002597414 
4.539997, 27.21104, 2.394851, 4001.073, 1442.72, 1428.183, 4446.616, -0.00869471, 0.3238537, -0.01082902, 0.2082387, -0.4674457, -0.002697008, -0.465988, -0.00262437 
4.559997, 27.18815, 2.384686, 3996.329, 1448.172, 1432.602, 4441.334, -0.00848714, 0.3238955, -0.01076869, 0.208391, -0.4675897, -0.002680375, -0.4661421, -0.002608472 
4.579997, 27.17229, 2.377739, 3969.604, 1462.738, 1433.655, 4423.566, -0.008362437, 0.3232668, -0.0106553, 0.2090246, -0.4678311, -0.00264887, -0.4663999, -0.002578359 
4.599997, 27.15917, 2.383062, 3975.223, 1460.266, 1434.53, 4426.695, -0.008610603, 0.3231375, -0.01072627, 0.2089658, -0.467492, -0.002665847, -0.4660396, -0.002594174 
4.619997, 27.13868, 2.381734, 3997.468, 1451.452, 1438.39, 4439.117, -0.008708658, 0.3235049, -0.01081866, 0.2085306, -0.467143, -0.002690139, -0.4656684, -0.002617113 
4.639997, 27.11657, 2.368132, 3985.503, 1460.57, 1441.729, 4430.322, -0.008462952, 0.3232501, -0.01072381, 0.2088298, -0.4673657, -0.002666039, -0.4659062, -0.002594083 
4.659997, 27.10214, 2.36232, 3962.308, 1472.845, 1441.543, 4415.927, -0.008410012, 0.3225619, -0.01063415, 0.2093747, -0.4675103, -0.002642473, -0.4660611, -0.002571538 
4.679996, 27.08812, 2.367921, 3975.892, 1466.093, 1441.762, 4424.729, -0.008677646, 0.3225454, -0.01073184, 0.209119, -0.4670827, -0.002668782, -0.4656064, -0.002596452 
4.699996, 27.06625, 2.36345, 3995.259, 1458.748, 1445.04, 4436.093, -0.008688142, 0.3228804, -0.01079409, 0.208718, -0.4668347, -0.002686582, -0.4653423, -0.002613474 
4.719996, 27.04536, 2.350409, 3976.763, 1469.828, 1446.331, 4424.071, -0.008422083, 0.322472, -0.01067195, 0.2091302, -0.4671282, -0.002656955, -0.465656, -0.002584918 
4.739996, 27.03201, 2.348831, 3959.61, 1478.306, 1444.778, 4414.426, -0.008450988, 0.3218907, -0.01061964, 0.2095223, -0.467166, -0.002643564, -0.4656969, -0.002572102 
4.759996, 27.01671, 2.35573, 3979.836, 1467.865, 1444.524, 4427.858, -0.008712445, 0.3220882, -0.01073651, 0.2090937, -0.4666978, -0.002675752, -0.4651984, -0.002602662 
4.779996, 26.99397, 2.350284, 3994.042, 1462.349, 1446.745, 4436.293, -0.008638752, 0.3224068, -0.01076306, 0.2087727, -0.4665721, -0.002685101, -0.465065, -0.002611461 
4.799996, 26.97449, 2.340024, 3971.612, 1474.866, 1446.637, 4422.846, -0.008382217, 0.3219476, -0.01062943, 0.2092561, -0.4669029, -0.002652377, -0.4654182, -0.002580125 
4.819996, 26.96184, 2.343283, 3961.166, 1478.677, 1443.904, 4417.66, -0.008488107, 0.3215512, -0.01061615, 0.2094738, -0.4668308, -0.002649278, -0.465342, -0.002577279 
4.839996, 26.94508, 2.351186, 3985.877, 1466.028, 1443.748, 4433.955, -0.00872224, 0.3219455, -0.01074222, 0.2089294, -0.4663608, -0.002683867, -0.4648415, -0.002609994 
4.859996, 26.92189, 2.345028, 3993.355, 1463.453, 1445.247, 4438.381, -0.008573165, 0.3222211, -0.01073204, 0.208735, -0.4663658, -0.002682923, -0.4648471, -0.002609134 
4.879996, 26.90403, 2.338029, 3968.226, 1476.57, 1444.215, 4423.453, -0.008351302, 0.3217306, -0.01059712, 0.20927, -0.4666989, -0.002649694, -0.4652031, -0.002577346 
4.899996, 26.89158, 2.345338, 3965.546, 1476.208, 1441.49, 4423.219, -0.008528725, 0.3215348, -0.01062481, 0.2093148, -0.4665116, -0.002656658, -0.4650041, -0.002584066 
4.919996, 26.87318, 2.352587, 3991.753, 1462.768, 1441.722, 4439.934, -0.008713759, 0.3220685, -0.01074686, 0.2087249, -0.466076, -0.002690047, -0.4645399, -0.002615596 
4.939996, 26.85011, 2.345365, 3991.261, 1464.057, 1443.027, 4439.112, -0.008503891, 0.322241, -0.01069767, 0.208706, -0.4662034, -0.002678672, -0.4646761, -0.002604761 
4.959996, 26.83392, 2.341275, 3965.681, 1476.849, 1441.485, 4423.963, -0.008341881, 0.321729, -0.0105759, 0.2092572, -0.4664949, -0.002647612, -0.4649879, -0.002575187 
4.979996, 26.82123, 2.351176, 3970.994, 1472.342, 1439.207, 4428.425, -0.008577401, 0.3217193, -0.01064182, 0.2091337, -0.4661917, -0.002664895, -0.4646651, -0.002591481 
4.999996, 26.80116, 2.355761, 3996.117, 1459.61, 1440.135, 4443.724, -0.008693593, 0.3223097, -0.0107479, 0.2085624, -0.4658249, -0.002693139, -0.4642742, -0.00261835 
5.019996, 26.77885, 2.347421, 3987.588, 1465.5, 1441.647, 4437.951, -0.008440826, 0.3223061, -0.01066149, 0.2087416, -0.466056, -0.002671955, -0.4645213, -0.002598017 
5.039996, 26.76421, 2.346235, 3964.02, 1476.149, 1439.391, 4423.766, -0.008360455, 0.3217982, -0.01056576, 0.2092466, -0.466258, -0.002647539, -0.4647377, -0.002574827 
5.059996, 26.75063, 2.356712, 3976.917, 1468.463, 1438.093, 4432.68, -0.008624679, 0.3219611, -0.01066286, 0.2089677, -0.4658665, -0.002672663, -0.4643205, -0.002598495 
5.079996, 26.72926, 2.357867, 3998.218, 1458.616, 1440.069, 4445.319, -0.008657718, 0.3225097, -0.01073878, 0.208492, -0.4656019, -0.002692809, -0.4640385, -0.002617622 
5.099996, 26.70807, 2.348915, 3982.271, 1467.791, 1441.035, 4434.839, -0.008391711, 0.3223245, -0.01062568, 0.2088387, -0.465901, -0.002664601, -0.4643585, -0.002590778 
5.119996, 26.69464, 2.349979, 3963.372, 1475.994, 1438.926, 4423.537, -0.008395499, 0.3218698, -0.01056328, 0.209257, -0.465993, -0.002648434, -0.4644573, -0.002575328 
5.139996, 26.67994, 2.360137, 3982.252, 1465.485, 1438.263, 4435.675, -0.008665686, 0.3221622, -0.01068132, 0.2088532, -0.4655394, -0.002679232, -0.4639738, -0.002604337 
5.159996, 26.65748, 2.357636, 3998.242, 1458.701, 1440.708, 4444.579, -0.008616175, 0.3226335, -0.01072251, 0.2084983, -0.4653884, -0.002690437, -0.463813, -0.002614857 
5.179996, 26.63777, 2.348609, 3976.332, 1470.579, 1441.145, 4430.583, -0.008353892, 0.3222814, -0.01059024, 0.2089873, -0.4657304, -0.002657524, -0.4641788, -0.002583648 
5.199996, 26.62519, 2.352409, 3963.884, 1475.449, 1439.01, 4423.446, -0.00844586, 0.321908, -0.01056831, 0.2092716, -0.4656922, -0.002651743, -0.4641386, -0.00257788 
5.219996, 26.60893, 2.361048, 3987.251, 1463.002, 1439.167, 4438.002, -0.008693876, 0.322336, -0.01069646, 0.208766, -0.4652149, -0.002685115, -0.4636296, -0.002609583 
5.239996, 26.586, 2.355442, 3996.136, 1460.161, 1441.66, 4442.494, -0.008563966, 0.3226673, -0.01069565, 0.2085719, -0.4651892, -0.002685766, -0.4636028, -0.002610257 
5.259996, 26.56795, 2.347632, 3971.017, 1473.108, 1441.283, 4426.66, -0.00833567, 0.3221958, -0.01056017, 0.209136, -0.4655274, -0.002652308, -0.4639646, -0.002578343 
5.279996, 26.55574, 2.353749, 3965.998, 1473.893, 1439.143, 4424.29, -0.0085025, 0.3219559, -0.01057881, 0.2092507, -0.4653592, -0.002656887, -0.4637859, -0.002582605 
5.299996, 26.53784, 2.360415, 3991.733, 1460.859, 1439.981, 4440.111, -0.00870365, 0.3224606, -0.01070566, 0.2086906, -0.4649018, -0.00269002, -0.4632979, -0.002613793 
5.319996, 26.51488, 2.352604, 3992.774, 1462.222, 1442.28, 4439.912, -0.00850573, 0.3226359, -0.01066299, 0.2086704, -0.4649996, -0.002680285, -0.463403, -0.002604681 
5.339996, 26.49848, 2.346651, 3966.486, 1475.506, 1441.269, 4423.774, -0.008329932, 0.3220969, -0.0105357, 0.2092564, -0.4653056, -0.002648317, -0.4637304, -0.002574166 
5.359996, 26.48616, 2.354871, 3969.431, 1472.359, 1439.268, 4426.339, -0.00855821, 0.3220097, -0.01059374, 0.2091984, -0.4650181, -0.002663441, -0.463424, -0.002588206 
5.379996, 26.46666, 2.359213, 3995.264, 1459.629, 1440.743, 4442.089, -0.008696849, 0.3225684, -0.01070666, 0.208628, -0.464611, -0.002692817, -0.4629895, -0.002616332 
5.399996, 26.44417, 2.349755, 3988.301, 1464.73, 1442.424, 4437.013, -0.008447909, 0.3225805, -0.01062664, 0.2087795, -0.4648188, -0.002673919, -0.4632121, -0.002598194 
5.419996, 26.42936, 2.346623, 3963.225, 1476.593, 1440.654, 4421.849, -0.008342536, 0.3220121, -0.0105198, 0.2093364, -0.4650543, -0.002647192, -0.4634645, -0.002572728 
5.439996, 26.41636, 2.356271, 3974.121, 1469.789, 1439.228, 4429.44, -0.008608669, 0.3221036, -0.01061135, 0.2091017, -0.4646686, -0.002670647, -0.463053, -0.002594801 
5.459996, 26.39544, 2.357671, 3997.367, 1459.088, 1441.226, 4443.365, -0.008668007, 0.3226623, -0.01069911, 0.2085854, -0.4643552, -0.002693552, -0.4627186, -0.002616516 
5.479996, 26.37401, 2.347801, 3982.849, 1467.562, 1442.242, 4433.817, -0.008395467, 0.3224988, -0.01058895, 0.208901, -0.4646453, -0.002666943, -0.4630293, -0.002591298 
5.499996, 26.36051, 2.34781, 3962.418, 1477.183, 1440.294, 4421.834, -0.008374813, 0.3219821, -0.01051403, 0.2093637, -0.4647722, -0.002648531, -0.4631657, -0.002573564 
5.519996, 26.34634, 2.357676, 3979.814, 1467.016, 1439.271, 4433.242, -0.008649833, 0.3222376, -0.01062996, 0.208977, -0.4643211, -0.002678042, -0.4626842, -0.002601546 
5.539996, 26.32433, 2.356103, 3997.904, 1459.424, 1441.666, 4443.876, -0.008623494, 0.3227272, -0.01068162, 0.2085738, -0.4641254, -0.002692114, -0.4624754, -0.002614734 
5.559996, 26.30426, 2.346654, 3977.453, 1470.659, 1442.008, 4430.884, -0.008352757, 0.32241, -0.01055217, 0.2090233, -0.4644655, -0.002660458, -0.4628398, -0.002584803 
5.579996, 26.2917, 2.349519, 3962.71, 1476.726, 1439.697, 4422.52, -0.00841758, 0.3219836, -0.01051627, 0.2093531, -0.4644721, -0.002651209, -0.4628477, -0.002575845 
5.599996, 26.27616, 2.35904, 3985.253, 1464.567, 1439.38, 4436.831, -0.008679813, 0.3223774, -0.01064519, 0.2088543, -0.463984, -0.002684607, -0.4623262, -0.002607224 
5.619996, 26.25339, 2.354404, 3996.703, 1460.225, 1441.76, 4443.141, -0.008570884, 0.3227717, -0.01065798, 0.2085899, -0.4639163, -0.002688665, -0.4622543, -0.002611 
5.639996, 26.23501, 2.345895, 3972.007, 1473.572, 1441.692, 4427.805, -0.008323113, 0.3223166, -0.01051901, 0.2091444, -0.4642746, -0.002654541, -0.462638, -0.002578702 
5.659996, 26.22308, 2.351807, 3964.909, 1475.671, 1439.424, 4424.317, -0.008474268, 0.3220138, -0.01052595, 0.2093094, -0.4641396, -0.002656599, -0.4624947, -0.002580499 
5.679996, 26.20577, 2.359428, 3990.963, 1462.234, 1440.013, 4440.5, -0.008695744, 0.3225264, -0.01065896, 0.2087312, -0.463657, -0.002690431, -0.4619789, -0.002612473 
5.699996, 26.18281, 2.352017, 3993.758, 1462.154, 1442.021, 4441.234, -0.008507609, 0.3227514, -0.01062547, 0.2086584, -0.4637289, -0.002683013, -0.4620564, -0.002605439 
5.719995, 26.16628, 2.34566, 3966.972, 1475.666, 1441.04, 4424.84, -0.008312562, 0.3222005, -0.01049143, 0.2092587, -0.4640589, -0.002650296, -0.4624102, -0.002574327 
5.739995, 26.15432, 2.354151, 3968.556, 1473.22, 1438.841, 4426.73, -0.008535733, 0.3220774, -0.0105429, 0.2092271, -0.463786, -0.002663532, -0.462119, -0.002586822 
5.759995, 26.13514, 2.359088, 3995.18, 1460.164, 1440.304, 4443.024, -0.008689786, 0.3226601, -0.0106642, 0.208629, -0.463357, -0.002694085, -0.4616603, -0.002615484 
5.779995, 26.1127, 2.349807, 3989.221, 1465.158, 1442.29, 4438.718, -0.008440929, 0.3226993, -0.01058621, 0.2087637, -0.4635572, -0.002675933, -0.4618751, -0.002598311 
5.799995, 26.09796, 2.346396, 3963.63, 1477.403, 1440.531, 4423.325, -0.008326028, 0.322113, -0.010475, 0.2093346, -0.4638088, -0.002648313, -0.4621453, -0.002572023 
5.819995, 26.08524, 2.356264, 3973.887, 1470.752, 1438.961, 4430.421, -0.008593824, 0.3221871, -0.01056488, 0.2091116, -0.4634223, -0.002671443, -0.4617324, -0.002593902 
5.839995, 26.06452, 2.358042, 3997.495, 1459.641, 1440.903, 4444.521, -0.008660504, 0.3227654, -0.01065693, 0.2085767, -0.4630922, -0.002694984, -0.4613796, -0.002616018 
5.859995, 26.04308, 2.34795, 3983.117, 1468.068, 1442.069, 4434.884, -0.008383184, 0.3226122, -0.0105463, 0.2088932, -0.4633887, -0.002668413, -0.4616975, -0.002590762 
5.879995, 26.02984, 2.347743, 3961.698, 1477.914, 1439.899, 4422.233, -0.008358193, 0.3220704, -0.01046699, 0.2093773, -0.4635286, -0.002649286, -0.4618481, -0.002572576 
5.899995, 26.01603, 2.35807, 3979.681, 1467.624, 1438.99, 4434.068, -0.008644233, 0.3223276, -0.01058656, 0.2089811, -0.4630565, -0.00267945, -0.4613434, -0.002601034 
5.919995, 25.99397, 2.356388, 3998.561, 1459.69, 1441.563, 4445.072, -0.008617917, 0.322846, -0.0106423, 0.2085561, -0.4628497, -0.002693823, -0.4611225, -0.002614484 
5.939995, 25.97395, 2.346428, 3977.072, 1471.168, 1441.842, 4431.186, -0.008334025, 0.3225101, -0.0105058, 0.2090351, -0.4632121, -0.002661319, -0.4615111, -0.00258372 
5.959995, 25.96184, 2.349332, 3961.873, 1477.727, 1439.582, 4422.659, -0.008403577, 0.3220596, -0.01046829, 0.2093836, -0.4632198, -0.002652014, -0.4615201, -0.002574891 
5.979995, 25.94652, 2.359254, 3985.545, 1464.72, 1439.209, 4437.665, -0.008680333, 0.3224732, -0.01060556, 0.2088539, -0.4627013, -0.002686937, -0.4609656, -0.002607675 
5.999995, 25.92365, 2.354196, 3997.575, 1460.401, 1441.833, 4444.25, -0.008563287, 0.3228889, -0.01061857, 0.2085797, -0.4626319, -0.002690525, -0.4608918, -0.002611022 
6.019995, 25.90541, 2.345277, 3971.255, 1474.093, 1441.41, 4427.817, -0.008302793, 0.3223953, -0.01047126, 0.2091714, -0.463016, -0.002655336, -0.461304, -0.002577691 
6.039995, 25.89389, 2.351614, 3963.947, 1476.136, 1438.967, 4424.204, -0.008463158, 0.3220783, -0.01047994, 0.209341, -0.4628744, -0.002657699, -0.4611531, -0.002579841 
6.059995, 25.87669, 2.359546, 3991.304, 1462.196, 1439.688, 4441.241, -0.00869458, 0.3226332, -0.01062021, 0.2087267, -0.462366, -0.002692594, -0.4606091, -0.002612781 
6.079995, 25.8537, 2.35185, 3994.286, 1462.689, 1442.231, 4442.242, -0.00849518, 0.3228743, -0.01058356, 0.2086611, -0.4624466, -0.002684486, -0.460696, -0.002604922 
6.099995, 25.83738, 2.345384, 3966.183, 1476.486, 1440.92, 4424.922, -0.008293353, 0.3222911, -0.01044404, 0.2092883, -0.4627978, -0.002651046, -0.461073, -0.002573271 
6.119995, 25.8258, 2.354115, 3967.911, 1473.921, 1438.692, 4426.927, -0.008527295, 0.3221733, -0.01049889, 0.209251, -0.4625128, -0.002664835, -0.4607684, -0.002586311 
6.139995, 25.80682, 2.359483, 3995.735, 1460.432, 1440.264, 4444.025, -0.008688729, 0.3227863, -0.01062548, 0.2086262, -0.462059, -0.002696486, -0.4602827, -0.002616079 
6.159995, 25.7842, 2.349557, 3989.676, 1465.32, 1442.282, 4439.458, -0.008429416, 0.3228326, -0.01054651, 0.2087618, -0.4622712, -0.002677642, -0.4605108, -0.002598058 
6.179995, 25.76975, 2.346095, 3962.542, 1478.141, 1440.3, 4423.006, -0.008304787, 0.3222041, -0.01042569, 0.2093772, -0.4625462, -0.002649154, -0.4608062, -0.002571125 
6.199995, 25.75745, 2.356301, 3973.347, 1471.209, 1438.719, 4430.474, -0.008588593, 0.3222902, -0.01052184, 0.2091359, -0.462139, -0.002672929, -0.4603705, -0.002593336 
6.219995, 25.73679, 2.358155, 3998.204, 1459.528, 1440.824, 4445.332, -0.008660574, 0.3229031, -0.01061966, 0.2085732, -0.4617863, -0.002697225, -0.459993, -0.002616339 
6.239995, 25.71531, 2.347631, 3983.665, 1468.534, 1442.227, 4435.677, -0.008369781, 0.3227397, -0.01050406, 0.208905, -0.462099, -0.002670004, -0.4603289, -0.002590429 
6.259995, 25.70238, 2.347088, 3960.936, 1478.776, 1439.967, 4422.333, -0.008339743, 0.3221629, -0.01042036, 0.2094191, -0.4622568, -0.00264971, -0.4604988, -0.002571188 
6.279995, 25.68894, 2.358217, 3979.459, 1468.212, 1438.91, 4434.432, -0.00864102, 0.3224211, -0.01054557, 0.2090074, -0.4617605, -0.002681154, -0.4599675, -0.002600863 
6.299995, 25.66689, 2.356397, 3999.286, 1459.657, 1441.456, 4445.916, -0.008615367, 0.3229895, -0.01060532, 0.2085481, -0.4615395, -0.002695983, -0.4597311, -0.002614685 
6.319995, 25.64696, 2.346086, 3977.094, 1471.708, 1441.861, 4431.767, -0.008318746, 0.3226284, -0.01046301, 0.2090534, -0.4619216, -0.002662644, -0.4601414, -0.002583168 
6.339995, 25.63511, 2.349012, 3961.105, 1478.329, 1439.343, 4422.687, -0.008390273, 0.3221507, -0.0104237, 0.2094165, -0.461936, -0.002653094, -0.4601576, -0.002574085 
6.359995, 25.62006, 2.359154, 3985.431, 1465.275, 1439.177, 4438.097, -0.008675405, 0.3225856, -0.01056518, 0.2088741, -0.4613989, -0.002688485, -0.4595823, -0.002607303 
6.379995, 25.59726, 2.354057, 3997.782, 1460.83, 1441.938, 4444.836, -0.008556792, 0.3230169, -0.01057966, 0.2085897, -0.4613252, -0.002692315, -0.4595038, -0.002610839 
6.399995, 25.57911, 2.345152, 3971.199, 1474.901, 1441.622, 4428.253, -0.008289221, 0.322508, -0.01042841, 0.2091966, -0.4617239, -0.002656552, -0.4599321, -0.002576965 
6.419995, 25.56785, 2.351292, 3963.435, 1477.229, 1439.204, 4424.397, -0.008450412, 0.3221908, -0.01043579, 0.2093733, -0.4615878, -0.002658454, -0.459787, -0.002578746 
6.439995, 25.55103, 2.359609, 3991.168, 1462.878, 1439.779, 4441.634, -0.008692045, 0.3227526, -0.01058021, 0.2087457, -0.4610561, -0.002694003, -0.4592173, -0.002612186 
6.459995, 25.52798, 2.35167, 3994.85, 1462.775, 1442.24, 4442.95, -0.008493263, 0.3230105, -0.01054777, 0.208659, -0.4611274, -0.002686755, -0.4592944, -0.002605292 
6.479995, 25.51177, 2.344821, 3965.899, 1477.329, 1441.09, 4425.31, -0.008277594, 0.3224, -0.01040064, 0.2093204, -0.4615007, -0.002652142, -0.4596956, -0.002572388 
6.499995, 25.50055, 2.353566, 3967.076, 1474.996, 1438.724, 4427.032, -0.008516094, 0.3222603, -0.01045541, 0.20929, -0.4612164, -0.002665686, -0.4593913, -0.002585254 
6.519995, 25.48183, 2.359406, 3995.825, 1460.945, 1440.279, 4444.563, -0.008688786, 0.3228951, -0.01058775, 0.2086398, -0.4607355, -0.002698077, -0.4588759, -0.002615636 
6.539995, 25.45916, 2.349417, 3990.061, 1465.455, 1442.203, 4440.17, -0.008423845, 0.322959, -0.01050861, 0.2087617, -0.460948, -0.002679796, -0.4591047, -0.002598332 
6.559995, 25.44486, 2.34528, 3961.904, 1479.132, 1440.367, 4423.15, -0.008287104, 0.3223073, -0.01038132, 0.2094061, -0.4612482, -0.002650081, -0.4594276, -0.002570097 
6.579995, 25.43311, 2.35611, 3972.535, 1472.11, 1438.636, 4430.673, -0.008582589, 0.3223662, -0.01047925, 0.2091673, -0.4608258, -0.002674022, -0.458975, -0.002592585 
6.599995, 25.41244, 2.35821, 3999.249, 1459.902, 1441.012, 4446.712, -0.008663417, 0.3230255, -0.01058609, 0.2085615, -0.4604458, -0.002699835, -0.4585676, -0.002616819 
6.619995, 25.39083, 2.347108, 3983.788, 1469.164, 1442.449, 4436.427, -0.008354299, 0.3228559, -0.01046305, 0.2089136, -0.4607838, -0.00267151, -0.4589311, -0.002590023 
6.639995, 25.37834, 2.346523, 3959.666, 1480.269, 1439.97, 4422.225, -0.008320951, 0.3222368, -0.01037284, 0.209463, -0.4609604, -0.002649842, -0.4591217, -0.00256957 
6.659995, 25.36534, 2.358328, 3979.158, 1468.671, 1438.669, 4434.796, -0.008643353, 0.3225152, -0.01050668, 0.2090198, -0.4604287, -0.002683186, -0.4585516, -0.0026009 
6.679995, 25.34315, 2.356217, 4000.281, 1459.591, 1441.469, 4447.031, -0.008615858, 0.3231236, -0.01057204, 0.2085297, -0.4601935, -0.002698859, -0.4582994, -0.002615592 
6.699995, 25.32322, 2.345217, 3976.734, 1472.665, 1441.994, 4432.128, -0.008299295, 0.3227206, -0.01041941, 0.2090748, -0.4606089, -0.002663489, -0.4587463, -0.002582098 
6.719995, 25.31191, 2.34854, 3959.895, 1479.57, 1439.314, 4422.528, -0.008376755, 0.3222081, -0.01037759, 0.2094616, -0.4606264, -0.002653756, -0.4587657, -0.002572779 
6.739995, 25.29714, 2.359241, 3986.015, 1465.764, 1439.266, 4439.202, -0.008680151, 0.3226854, -0.01052994, 0.2088705, -0.4600525, -0.002690892, -0.45815, -0.002607689 
6.759995, 25.27414, 2.353746, 3998.816, 1461.005, 1442.015, 4446.064, -0.0085523, 0.3231429, -0.01054474, 0.2085732, -0.4599771, -0.002694434, -0.4580697, -0.002611065 
6.779994, 25.2562, 2.344355, 3970.195, 1475.75, 1441.455, 4428.239, -0.008267527, 0.3225886, -0.01038263, 0.2092263, -0.4604113, -0.002657197, -0.4585368, -0.002575776 
6.799994, 25.24548, 2.351123, 3962.44, 1477.969, 1438.844, 4424.507, -0.00844401, 0.3222522, -0.0103929, 0.2094022, -0.4602614, -0.002659927, -0.4583766, -0.002578303 
6.819994, 25.22864, 2.359626, 3991.974, 1462.854, 1439.677, 4442.737, -0.008695872, 0.3228657, -0.01054664, 0.2087303, -0.4596995, -0.002696964, -0.4577736, -0.00261318 
6.839994, 25.20556, 2.351304, 3995.051, 1463.221, 1442.356, 4443.632, -0.008479052, 0.3231253, -0.01050775, 0.2086618, -0.4597895, -0.002688363, -0.4578709, -0.002604777 
6.859994, 25.1897, 2.344272, 3964.967, 1478.27, 1440.901, 4425.296, -0.008261085, 0.3224781, -0.01035539, 0.20935, -0.4601809, -0.002653051, -0.4582923, -0.002571377 
6.879994, 25.17881, 2.353727, 3966.985, 1475.346, 1438.508, 4427.405, -0.008515647, 0.3223458, -0.01041603, 0.2093068, -0.4598721, -0.002667945, -0.4579614, -0.002585378 
6.899994, 25.16004, 2.359125, 3996.371, 1460.99, 1440.247, 4445.356, -0.008685718, 0.3230253, -0.01055212, 0.2086281, -0.4593811, -0.002700393, -0.4574341, -0.002615807 
6.919994, 25.13753, 2.348997, 3989.781, 1466.211, 1442.382, 4440.495, -0.008409532, 0.3230593, -0.01046644, 0.2087847, -0.4596109, -0.002681286, -0.4576818, -0.002597764 
6.939994, 25.12354, 2.34509, 3961.477, 1480.106, 1440.589, 4423.508, -0.008277345, 0.3223931, -0.01033886, 0.2094354, -0.4599156, -0.002651296, -0.4580102, -0.002569426 
6.959994, 25.11195, 2.356257, 3972.522, 1472.443, 1438.504, 4431.049, -0.008579931, 0.3224755, -0.01044123, 0.2091779, -0.4594775, -0.002676139, -0.4575401, -0.002592736 
6.979994, 25.09142, 2.358115, 3999.371, 1460.454, 1441.165, 4447.2, -0.008656858, 0.3231566, -0.01054836, 0.2085612, -0.4590934, -0.002701427, -0.4571275, -0.002616434 
6.999994, 25.07004, 2.34694, 3983.457, 1469.589, 1442.22, 4436.577, -0.008345901, 0.3229655, -0.01042343, 0.2089267, -0.4594348, -0.002673004, -0.4574954, -0.002589562 
7.019994, 25.05766, 2.346276, 3959.502, 1480.55, 1439.888, 4422.444, -0.008314364, 0.3223348, -0.01033363, 0.2094808, -0.4596139, -0.002652128, -0.4576887, -0.002569744 
7.039994, 25.04485, 2.357874, 3978.911, 1469.474, 1438.808, 4435.188, -0.008635649, 0.322616, -0.01046733, 0.2090388, -0.4590786, -0.002684624, -0.4571139, -0.002600196 
7.059994, 25.02287, 2.356087, 4000.145, 1460.256, 1441.577, 4447.444, -0.008610913, 0.3232293, -0.01053348, 0.2085488, -0.4588324, -0.002700476, -0.4568495, -0.002615093 
7.079994, 25.00306, 2.344942, 3976.933, 1473.436, 1442.283, 4432.794, -0.008292001, 0.3228374, -0.01038066, 0.2090904, -0.4592535, -0.002665502, -0.4573035, -0.002582036 
7.099994, 24.99196, 2.348243, 3959.492, 1480.236, 1439.271, 4422.85, -0.008368082, 0.3223082, -0.01033772, 0.2094869, -0.4592767, -0.002655281, -0.4573292, -0.002572361 
7.119994, 24.97738, 2.359046, 3985.612, 1466.165, 1439.077, 4439.292, -0.008675211, 0.3227929, -0.01049196, 0.2088862, -0.4586926, -0.002692676, -0.4567015, -0.002607495 
7.139994, 24.95454, 2.353533, 3998.429, 1461.423, 1441.973, 4446.217, -0.008546865, 0.323262, -0.01050726, 0.2085848, -0.4586129, -0.002696457, -0.4566163, -0.002610846 
7.159994, 24.93679, 2.343904, 3970.113, 1476.558, 1441.715, 4428.65, -0.008259968, 0.3227005, -0.01034304, 0.20925, -0.4590532, -0.002659043, -0.4570909, -0.002575499 
7.179994, 24.92628, 2.350836, 3962.083, 1478.52, 1438.802, 4424.6, -0.008439043, 0.3223492, -0.01035454, 0.2094297, -0.4589002, -0.002661985, -0.4569271, -0.002578298 
7.199994, 24.90966, 2.359457, 3991.868, 1463.351, 1439.675, 4443.119, -0.008692238, 0.3229803, -0.01050974, 0.2087409, -0.4583263, -0.00269871, -0.4563102, -0.002612741 
7.219994, 24.88667, 2.350745, 3995.13, 1463.892, 1442.495, 4444.169, -0.008473468, 0.3232439, -0.01047087, 0.208671, -0.4584161, -0.002689976, -0.4564075, -0.002604413 
7.239994, 24.87102, 2.343545, 3964.543, 1478.995, 1441.021, 4425.425, -0.008251337, 0.3225654, -0.01031522, 0.2093837, -0.4588194, -0.002654858, -0.4568423, -0.002571325 
7.259994, 24.86047, 2.353388, 3966.727, 1476.067, 1438.608, 4427.849, -0.008512499, 0.3224277, -0.01037798, 0.2093302, -0.458499, -0.00266991, -0.4564983, -0.002585304 
7.279994, 24.84171, 2.358937, 3996.919, 1461.458, 1440.402, 4446.22, -0.008685074, 0.3231393, -0.01051815, 0.2086265, -0.4579915, -0.002702823, -0.4559526, -0.002616192 
7.299994, 24.81931, 2.348273, 3989.528, 1467.021, 1442.474, 4440.809, -0.008396907, 0.3231689, -0.01042692, 0.2087985, -0.4582395, -0.002682225, -0.4562204, -0.002596742 
7.319994, 24.80573, 2.344347, 3960.6, 1480.909, 1440.491, 4423.44, -0.008267893, 0.3224673, -0.01029791, 0.2094727, -0.4585505, -0.002652967, -0.456556, -0.002569045 
7.339994, 24.79436, 2.35592, 3972.938, 1472.983, 1438.705, 4431.871, -0.00858288, 0.3225652, -0.01040673, 0.2091924, -0.4580873, -0.002678855, -0.4560582, -0.002593311 
7.359994, 24.77373, 2.357239, 3999.842, 1460.742, 1441.237, 4447.794, -0.008651995, 0.3232743, -0.01051369, 0.2085644, -0.4577021, -0.002703656, -0.4556437, -0.002616596 
7.379994, 24.75261, 2.345779, 3982.627, 1470.619, 1442.427, 4436.434, -0.008330628, 0.3230474, -0.01038106, 0.2089732, -0.4580678, -0.002674069, -0.4560387, -0.002588616 
7.399994, 24.7407, 2.345771, 3958.885, 1481.263, 1439.898, 4422.497, -0.008311505, 0.3224069, -0.01029429, 0.2095235, -0.458237, -0.002654272, -0.4562213, -0.002569921 
7.419994, 24.7279, 2.35768, 3979.658, 1469.348, 1438.862, 4435.902, -0.008639727, 0.3227373, -0.01043509, 0.2090402, -0.457678, -0.002687907, -0.4556201, -0.002601473 
7.439994, 24.70593, 2.355089, 4000.046, 1460.702, 1441.694, 4447.607, -0.008599465, 0.3233603, -0.01049633, 0.2085598, -0.4574472, -0.00270219, -0.4553721, -0.002614784 
7.459994, 24.68653, 2.344296, 3975.766, 1474.044, 1442.092, 4432.236, -0.008281244, 0.3229186, -0.01033917, 0.2091377, -0.4578783, -0.002666919, -0.4558374, -0.002581244 
7.479994, 24.67567, 2.347887, 3959.602, 1480.621, 1439.323, 4423.236, -0.008369605, 0.3224138, -0.01030219, 0.2095075, -0.4578848, -0.00265822, -0.4558454, -0.002573163 
7.499994, 24.66108, 2.358474, 3985.962, 1466.477, 1439.303, 4439.882, -0.008672749, 0.3229227, -0.01045808, 0.2088977, -0.4572935, -0.002694853, -0.4552089, -0.002607445 
7.519994, 24.63853, 2.352889, 3997.947, 1462.289, 1442.096, 4446.285, -0.008535782, 0.3233764, -0.01046816, 0.2086132, -0.4572253, -0.002697646, -0.455136, -0.002610078 
7.539994, 24.62113, 2.343673, 3969.554, 1476.72, 1441.344, 4428.568, -0.008257402, 0.3228025, -0.01030657, 0.2092716, -0.4576596, -0.002661596, -0.4556048, -0.002575994 
7.559994, 24.61069, 2.350613, 3962.628, 1478.387, 1438.714, 4425.307, -0.008439538, 0.3224708, -0.01032063, 0.2094312, -0.4574956, -0.002665136, -0.455429, -0.002579233 
7.579994, 24.59405, 2.358875, 3991.846, 1463.818, 1439.709, 4443.497, -0.008683003, 0.3231012, -0.01047375, 0.2087531, -0.4569289, -0.002701062, -0.4548188, -0.00261287 
7.599994, 24.5715, 2.350496, 3994.008, 1464.694, 1442.276, 4443.9, -0.008461705, 0.3233446, -0.0104302, 0.2087036, -0.4570277, -0.002691346, -0.454926, -0.002603529 
7.619994, 24.55625, 2.343903, 3964.813, 1479.625, 1441.156, 4426.252, -0.008253927, 0.3226799, -0.0102808, 0.2093886, -0.457414, -0.002657342, -0.4553432, -0.002571661 
7.639994, 24.54556, 2.35343, 3967.72, 1476.108, 1438.65, 4429.068, -0.008513889, 0.3225649, -0.01034718, 0.2093117, -0.4570848, -0.002673212, -0.4549895, -0.002586269 
7.659994, 24.52691, 2.358231, 3996.298, 1462.241, 1440.386, 4446.341, -0.008669389, 0.323256, -0.01047906, 0.2086454, -0.4565988, -0.002703961, -0.4544656, -0.002615294 
7.679994, 24.50504, 2.347981, 3988.255, 1468.085, 1442.304, 4440.468, -0.008389266, 0.3232481, -0.01038746, 0.2088369, -0.4568464, -0.00268318, -0.4547335, -0.002595516 
7.699994, 24.49166, 2.344533, 3960.978, 1481.089, 1440.276, 4424.191, -0.008275515, 0.3225744, -0.01026645, 0.2094737, -0.4571333, -0.002656317, -0.4550437, -0.00257016 
7.719994, 24.48015, 2.355545, 3973.534, 1473.116, 1438.622, 4432.773, -0.008579817, 0.3226925, -0.01037449, 0.2091853, -0.4566718, -0.002681585, -0.454547, -0.002593814 
7.739994, 24.45982, 2.356791, 3998.833, 1461.49, 1441.102, 4447.723, -0.008637936, 0.3233686, -0.01047314, 0.2085892, -0.4563013, -0.002704606, -0.4541478, -0.002615446 
7.759994, 24.43917, 2.346011, 3981.951, 1471.247, 1442.061, 4436.578, -0.008328523, 0.3231409, -0.01034472, 0.2089875, -0.4566562, -0.002676107, -0.4545314, -0.002588557 
7.779994, 24.42729, 2.346079, 3959.857, 1481.735, 1439.902, 4424.009, -0.008315491, 0.3225297, -0.01026368, 0.2095054, -0.4568118, -0.00265772, -0.4547001, -0.002570987 
7.799994, 24.41444, 2.357297, 3979.857, 1470.089, 1438.911, 4436.798, -0.008629997, 0.3228557, -0.01039974, 0.2090385, -0.4562652, -0.002689717, -0.4541114, -0.002601077 
7.819993, 24.39288, 2.354873, 3998.825, 1461.831, 1441.507, 4447.512, -0.0085871, 0.3234398, -0.01045629, 0.2085855, -0.4560443, -0.002702637, -0.4538737, -0.002613295 
7.839993, 24.37393, 2.344378, 3975.338, 1474.746, 1441.911, 4432.729, -0.008283007, 0.3230159, -0.0103048, 0.2091446, -0.4564596, -0.002669156, -0.4543227, -0.002581671 
7.859993, 24.36307, 2.348157, 3960.489, 1480.413, 1439.028, 4424.286, -0.008375967, 0.3225251, -0.01027277, 0.2094925, -0.4564497, -0.002662027, -0.4543127, -0.002574703 
7.879993, 24.34846, 2.358166, 3986.243, 1467.076, 1439.324, 4440.664, -0.008662821, 0.3230327, -0.01042257, 0.2088892, -0.4558711, -0.002697151, -0.4536891, -0.002607644 
7.899993, 24.32624, 2.352621, 3997.121, 1463.335, 1442.086, 4446.49, -0.008523875, 0.3234567, -0.01042865, 0.2086348, -0.4558119, -0.002698252, -0.4536257, -0.002608663 
7.919993, 24.30918, 2.343569, 3969.301, 1477.821, 1441.486, 4429.183, -0.008255901, 0.3228911, -0.01027094, 0.2092885, -0.4562405, -0.002663468, -0.4540893, -0.00257586 
7.939993, 24.29887, 2.350557, 3963.125, 1479.046, 1438.851, 4426.394, -0.00844199, 0.3225726, -0.01028903, 0.2094323, -0.4560634, -0.002667856, -0.4538991, -0.002579833 
7.959993, 24.28233, 2.35874, 3991.975, 1464.154, 1439.639, 4444.167, -0.008679182, 0.323209, -0.01043979, 0.2087511, -0.4554932, -0.00270295, -0.4532839, -0.00261271 
7.979993, 24.25987, 2.349853, 3993.417, 1465.39, 1442.212, 4443.988, -0.008451784, 0.3234425, -0.01039377, 0.2087174, -0.4556057, -0.002692706, -0.4534064, -0.002602863 
7.999993, 24.24498, 2.343484, 3963.609, 1480.384, 1440.842, 4425.916, -0.008247262, 0.322753, -0.01024215, 0.2094266, -0.455998, -0.002658899, -0.4538306, -0.002571318 
8.019994, 24.23459, 2.353397, 3967.884, 1476.565, 1438.677, 4429.589, -0.008517604, 0.3226663, -0.01031438, 0.2093232, -0.4556471, -0.002675815, -0.4534527, -0.002586969 
8.039994, 24.21591, 2.358386, 3997.053, 1462.328, 1440.528, 4447.24, -0.008671118, 0.3233836, -0.01044847, 0.2086331, -0.4551465, -0.002707053, -0.4529126, -0.002616151 
8.059995, 24.19406, 2.347167, 3987.863, 1468.741, 1442.536, 4440.562, -0.008374942, 0.3233722, -0.01034992, 0.2088521, -0.4554222, -0.002684584, -0.4532112, -0.002594905 
8.079995, 24.18129, 2.344291, 3959.728, 1482.137, 1440.347, 4423.838, -0.008267309, 0.3226441, -0.01022598, 0.209524, -0.4557135, -0.00265781, -0.4535266, -0.002569683 
8.099996, 24.17002, 2.356009, 3974.262, 1473.227, 1438.792, 4433.731, -0.008590274, 0.3228092, -0.01034534, 0.2091776, -0.4552129, -0.002685046, -0.4529867, -0.002595042 
8.119996, 24.14936, 2.356508, 3999.665, 1461.338, 1441.176, 4448.46, -0.008635205, 0.3235193, -0.01044404, 0.2085696, -0.4548458, -0.002707576, -0.4525907, -0.002616263 
8.139997, 24.12895, 2.344941, 3980.649, 1472.709, 1442.433, 4436.227, -0.008306898, 0.3232316, -0.01030189, 0.2090369, -0.455244, -0.002676276, -0.4530219, -0.002586724 
8.159997, 24.11786, 2.345822, 3958.436, 1482.635, 1439.792, 4423.388, -0.008315388, 0.3225917, -0.01022526, 0.2095574, -0.4553813, -0.002659255, -0.4531709, -0.002570513 
8.179997, 24.10502, 2.357869, 3981.559, 1469.733, 1439.046, 4438.264, -0.008650103, 0.3229899, -0.01037662, 0.2090123, -0.454778, -0.002694451, -0.45252, -0.002603296 
8.199998, 24.08292, 2.354017, 4000.049, 1462.203, 1442.044, 4448.653, -0.008575604, 0.3236, -0.01042507, 0.2085715, -0.4545875, -0.002705064, -0.4523146, -0.002613362 
8.219998, 24.06459, 2.343415, 3973.077, 1476.593, 1441.933, 4431.729, -0.00825594, 0.3230725, -0.0102566, 0.2092172, -0.4550519, -0.002668758, -0.4528176, -0.002579098 
8.239999, 24.05445, 2.348195, 3959.83, 1481.396, 1439.123, 4424.559, -0.008385984, 0.3226035, -0.0102394, 0.2095232, -0.4549977, -0.002664517, -0.45276, -0.002575041 
8.259999, 24.03963, 2.358699, 3988.169, 1466.423, 1439.322, 4442.42, -0.008680698, 0.323186, -0.01040132, 0.2088533, -0.4543743, -0.002702007, -0.4520867, -0.002609996 
8.28, 24.01704, 2.3514, 3997.344, 1464.042, 1442.426, 4446.997, -0.008504658, 0.3236021, -0.01039375, 0.2086332, -0.4543644, -0.002700075, -0.4520766, -0.002607942 
8.3, 24.00084, 2.34275, 3966.942, 1479.59, 1441.48, 4428.221, -0.008235503, 0.3229289, -0.01022439, 0.2093661, -0.4548216, -0.002663249, -0.4525716, -0.00257354 
8.320001, 23.99107, 2.351295, 3963.458, 1479.226, 1438.609, 4427.283, -0.00846178, 0.3226628, -0.01026195, 0.2094325, -0.4545828, -0.002672074, -0.4523147, -0.002581733 
8.340001, 23.97393, 2.35858, 3994.18, 1463.764, 1439.883, 4445.996, -0.008686216, 0.32338, -0.01041774, 0.2086967, -0.4539997, -0.002707387, -0.4516846, -0.002614602 
8.360002, 23.9516, 2.34884, 3992.307, 1466.742, 1442.425, 4443.903, -0.008423809, 0.3235365, -0.01035008, 0.2087565, -0.4541722, -0.002693179, -0.4518718, -0.002601104 
8.380002, 23.93754, 2.343014, 3961.556, 1481.846, 1440.655, 4425.284, -0.008239259, 0.3228051, -0.01020063, 0.2094859, -0.4545635, -0.00266, -0.452296, -0.002570235 
8.400002, 23.92738, 2.354027, 3968.761, 1476.296, 1438.424, 4430.71, -0.008539034, 0.3227805, -0.01029044, 0.2093085, -0.4541517, -0.002680744, -0.4518514, -0.00258932 
8.420003, 23.90824, 2.357872, 3998.429, 1462.338, 1440.735, 4448.61, -0.008668904, 0.3235444, -0.0104225, 0.2086, -0.4536614, -0.002710045, -0.4513216, -0.002616976 
8.440003, 23.88686, 2.346508, 3986.238, 1470.177, 1442.451, 4440.147, -0.008351525, 0.3234441, -0.01030623, 0.2088971, -0.4539827, -0.002684872, -0.4516701, -0.0025934 
8.460004, 23.87467, 2.344332, 3959.179, 1483.166, 1440.194, 4424.317, -0.008271871, 0.3227167, -0.01019241, 0.2095458, -0.4542496, -0.00265985, -0.4519598, -0.002569571 
8.480004, 23.86326, 2.356219, 3975.428, 1472.961, 1438.512, 4434.895, -0.008602929, 0.3229406, -0.01032075, 0.2091532, -0.4537152, -0.002689543, -0.4513826, -0.002597282 
8.500005, 23.84252, 2.355931, 3999.751, 1462.254, 1441.432, 4449.212, -0.008622482, 0.3236454, -0.01040991, 0.2085722, -0.4533758, -0.002709327, -0.4510158, -0.002615613 
8.520005, 23.86701, 2.344489, 3368.788, 2233.229, 2005.944, 3821.222, -0.04547478, 0.2027632, -0.07289369, 0.1072363, 0.008764977, -0.003010044, 0.008827818, -0.002987222 
8.540006, 23.8818, 2.227095, 3206.833, 2463.097, 2225.838, 3603.536, -0.01731349, 0.1014815, -0.04116574, 0.03692513, -0.0005380044, -0.0007584472, -0.0005380774, -0.0007582678 
8.560006, 23.87357, 2.051878, 3168.657, 2583.39, 2380.776, 3496.807, -0.009709824, 0.04470919, -0.02306159, 0.009340808, -0.0005495436, -0.0004791589, -0.0005495581, -0.0004791797 
8.580007, 23.86018, 1.84215, 3103.873, 2696.347, 2506.968, 3385.537, -0.006926622, 0.01658482, -0.01406624, 2.779549E-05, -0.0003954322, -0.0003743447, -0.0003953887, -0.0003743113 
8.600007, 23.84186, 1.61275, 3039.476, 2804.062, 2624.482, 3279.685, -0.005904409, 0.003646069, -0.009772953, -0.00317051, -0.0002574369, -0.0002623095, -0.0002573993, -0.0002623087 
8.620008, 23.82071, 1.378064, 2971.965, 2901.106, 2725.94, 3178.678, -0.005516192, -0.001897659, -0.007701843, -0.004292354, -0.0001356779, -0.0001501147, -0.0001356791, -0.0001501134 
8.640008, 23.79942, 1.147817, 2907.998, 2983.104, 2808.648, 3088.672, -0.005376316, -0.004128809, -0.006700875, -0.004712224, -3.243155E-05, -4.638058E-05, -3.250868E-05, -4.638018E-05 
8.660008, 23.77847, 0.9293987, 2854.262, 3049.685, 2876.612, 3012.4, -0.005362019, -0.004990466, -0.006223676, -0.0049163, 5.192011E-05, 4.353619E-05, 5.188191E-05, 4.357443E-05 
8.680009, 23.75773, 0.7278557, 2812.652, 3101.438, 2931.581, 2950.828, -0.005396582, -0.005303129, -0.005988943, -0.005043607, 0.0001172461, 0.0001156295, 0.0001172077, 0.0001156294 
8.700009, 23.73689, 0.5460787, 2781.811, 3139.104, 2973.504, 2903.276, -0.005443077, -0.005400909, -0.005861858, -0.005133877, 0.0001653439, 0.000169504, 0.000165305, 0.0001695045 
8.72001, 23.71596, 0.3865077, 2759.413, 3164.056, 3002.522, 2867.893, -0.005486476, -0.005417095, -0.005783935, -0.00520144, 0.0001983677, 0.0002070415, 0.0001983281, 0.0002070812 
8.74001, 23.69519, 0.2497975, 2745.883, 3178.16, 3020.27, 2845.171, -0.005519392, -0.005408842, -0.005734172, -0.005249474, 0.0002186341, 0.00023044, 0.0002186325, 0.0002304417 
8.760011, 23.6728, 0.1462925, 2739.3, 3182.013, 3027.87, 2832.416, -0.005546516, -0.005398838, -0.005704239, -0.00528611, 0.0002269599, 0.0002406287, 0.000226958, 0.0002406307 
8.780011, 23.64567, 0.07621101, 2743.943, 3166.913, 3014.187, 2838.738, -0.005537052, -0.005371518, -0.005667523, -0.005279556, 0.0002143996, 0.0002279643, 0.0002143978, 0.0002279662 
8.800012, 23.62175, 0.03756049, 2746.075, 3135.87, 2974.286, 2857.201, -0.005457852, -0.005300624, -0.005599522, -0.005189843, 0.0001870291, 0.0001974355, 0.0001870279, 0.0001973981 
8.820012, 23.60242, 0.02272913, 2759.208, 3098.723, 2934.037, 2882.702, -0.005448951, -0.005334531, -0.005638236, -0.005171078, 0.0001507599, 0.0001581558, 0.0001507592, 0.0001581178 
8.840013, 23.58558, 0.0246033, 2786.636, 3063.331, 2904.91, 2913.539, -0.005490006, -0.005429393, -0.005733347, -0.005209401, 0.0001124319, 0.0001169661, 0.0001124316, 0.0001169664 
8.860013, 23.56842, 0.03945584, 2821.123, 3030.69, 2884.037, 2945.619, -0.005527685, -0.005516522, -0.005815525, -0.005249947, 7.427068E-05, 7.586073E-05, 7.42706E-05, 7.58996E-05 
8.880013, 23.54968, 0.06479684, 2854.563, 3000.185, 2864.459, 2977.131, -0.005525715, -0.005561083, -0.005852945, -0.005252302, 3.799619E-05, 3.601687E-05, 3.803506E-05, 3.597801E-05 
8.900014, 23.52998, 0.09282956, 2882.674, 2971.15, 2842.334, 3006.824, -0.005489173, -0.005572037, -0.005858056, -0.005218137, 3.689853E-06, -2.21392E-06, 3.651026E-06, -2.252752E-06 
8.920014, 23.50801, 0.1159215, 2901.007, 2950.16, 2824.112, 3028.657, -0.005449488, -0.005573926, -0.00585629, -0.005179202, -2.130131E-05, -3.063052E-05, -2.130143E-05, -3.063034E-05 
8.940015, 23.48734, 0.1365923, 2903.512, 2939.242, 2808.502, 3039.126, -0.005395945, -0.005543786, -0.005829324, -0.00512128, -3.302972E-05, -4.590738E-05, -3.302998E-05, -4.586812E-05 
8.960015, 23.46727, 0.1535831, 2906.226, 2931.26, 2797.354, 3047.32, -0.005387907, -0.00554733, -0.005836765, -0.005109353, -4.212903E-05, -5.696426E-05, -4.212942E-05, -5.696374E-05 
8.980016, 23.44778, 0.1663307, 2908.248, 2926.382, 2790.555, 3052.854, -0.005394239, -0.005547869, -0.00584023, -0.00511342, -4.804725E-05, -6.382981E-05, -4.808668E-05, -6.379022E-05 
9.000016, 23.42849, 0.1742163, 2909.249, 2925.524, 2788.308, 3055.823, -0.005408786, -0.005545384, -0.005840427, -0.005125782, -5.034729E-05, -6.62984E-05, -5.030879E-05, -6.633675E-05 
9.020017, 23.40925, 0.1769133, 2908.541, 2927.521, 2789.116, 3056.125, -0.005422108, -0.005534726, -0.005831639, -0.005137732, -4.92942E-05, -6.510176E-05, -4.929468E-05, -6.510114E-05 
9.040017, 23.39012, 0.1749019, 2906.559, 2932.445, 2792.848, 3054.36, -0.005433497, -0.005517778, -0.005815831, -0.005148399, -4.527086E-05, -6.050495E-05, -4.523223E-05, -6.050438E-05 
9.060018, 23.37105, 0.1682802, 2902.944, 2938.765, 2798.028, 3050.411, -0.005444885, -0.005499964, -0.005798507, -0.005159552, -3.944284E-05, -5.38288E-05, -3.944318E-05, -5.382832E-05 
9.080018, 23.35201, 0.1577747, 2898.893, 2947.012, 2805.109, 3045.587, -0.005455954, -0.005480641, -0.005779509, -0.005170632, -3.180596E-05, -4.518596E-05, -3.180622E-05, -4.522471E-05 
9.100019, 23.33294, 0.1442598, 2894.217, 2955.597, 2812.854, 3039.549, -0.005465081, -0.005459899, -0.005759012, -0.005180016, -2.353064E-05, -3.570733E-05, -2.356997E-05, -3.570706E-05 
9.120019, 23.3138, 0.1285784, 2888.941, 2964.417, 2820.666, 3033.027, -0.005472835, -0.00544002, -0.005739133, -0.005188515, -1.481128E-05, -2.582196E-05, -1.485057E-05, -2.582179E-05 
9.140019, 23.29461, 0.1113125, 2884.03, 2973.471, 2828.67, 3026.978, -0.005478568, -0.005420121, -0.00571899, -0.005195078, -5.84292E-06, -1.568578E-05, -5.842955E-06, -1.57249E-05 
9.16002, 23.27548, 0.09321731, 2878.851, 2981.637, 2835.827, 3020.693, -0.005483333, -0.005401586, -0.005700046, -0.005200837, 2.433205E-06, -6.357764E-06, 2.393973E-06, -6.318484E-06 
9.18002, 23.2561, 0.07489716, 2874.673, 2989.505, 2842.938, 3015.326, -0.005488181, -0.005385472, -0.005683686, -0.005206354, 1.029038E-05, 2.552969E-06, 1.029043E-05, 2.552957E-06 
9.200021, 23.2366, 0.05721769, 2870.232, 2995.917, 2848.422, 3010.178, -0.005488818, -0.005366751, -0.005664475, -0.005207658, 1.702021E-05, 1.025934E-05, 1.698097E-05, 1.02986E-05 
9.220021, 23.21727, 0.04099862, 2866.315, 3001.138, 2852.7, 3005.842, -0.005488162, -0.005350808, -0.005648207, -0.005207587, 2.246268E-05, 1.652252E-05, 2.25021E-05, 1.652246E-05 
9.240022, 23.19736, 0.03523238, 2863.414, 3004.71, 2855.647, 3002.462, -0.005489033, -0.005342365, -0.005639683, -0.0052088, 2.626018E-05, 2.078774E-05, 2.629964E-05, 2.07483E-05 
9.260022, 23.17757, 0.03495424, 2868.03, 2998.091, 2848.853, 3009.361, -0.005473904, -0.005331711, -0.005629037, -0.005192199, 1.769185E-05, 1.300295E-05, 1.76919E-05, 1.300292E-05 
9.280023, 23.15821, 0.03625129, 2872.586, 2991.75, 2842.146, 3016.032, -0.005462922, -0.00533147, -0.005629129, -0.005179908, 9.937584E-06, 4.811068E-06, 9.937615E-06, 4.850488E-06 
9.300023, 23.13894, 0.03792546, 2876.083, 2987.039, 2837.911, 3020.515, -0.005458105, -0.005338733, -0.005636394, -0.005174443, 4.696511E-06, -1.262932E-06, 4.696529E-06, -1.302394E-06 
9.320024, 23.11967, 0.03975599, 2878.81, 2983.989, 2835.448, 3023.374, -0.005451212, -0.005342784, -0.005640201, -0.005167477, 1.540426E-06, -5.292767E-06, 1.500934E-06, -5.292745E-06 
9.340024, 23.10036, 0.04170184, 2880.684, 2982.203, 2834.167, 3025.381, -0.005443723, -0.005345023, -0.005642523, -0.005160164, -2.767081E-07, -7.826921E-06, -2.371794E-07, -7.826885E-06 
9.360024, 23.08104, 0.0434315, 2881.572, 2979.916, 2832.528, 3026.118, -0.00543524, -0.005344961, -0.00564205, -0.005152268, -2.373687E-06, -1.036515E-05, -2.334137E-06, -1.03651E-05 
9.380025, 23.06172, 0.04498404, 2882.637, 2979.214, 2832.106, 3027.184, -0.005427898, -0.00534432, -0.005640831, -0.005145598, -2.81112E-06, -1.124454E-05, -2.811134E-06, -1.124448E-05 
9.400025, 23.04246, 0.04623916, 2882.633, 2978.449, 2831.704, 3026.916, -0.005421288, -0.005343097, -0.005639113, -0.005139578, -3.28888E-06, -1.200646E-05, -3.288897E-06, -1.196677E-05 
9.420026, 23.02319, 0.04733351, 2882.695, 2977.938, 2831.532, 3026.542, -0.005416059, -0.005342603, -0.00563804, -0.005134941, -3.410488E-06, -1.229369E-05, -3.410506E-06, -1.229362E-05 
9.440026, 23.00385, 0.04858445, 2882.953, 2977.431, 2831.46, 3026.515, -0.005410329, -0.005340538, -0.005635559, -0.005129802, -3.532293E-06, -1.246232E-05, -3.532313E-06, -1.246225E-05 
9.460027, 22.98461, 0.04985076, 2882.763, 2976.883, 2831.1, 3026.232, -0.00540385, -0.005337814, -0.005632255, -0.005123503, -3.6543E-06, -1.267096E-05, -3.65432E-06, -1.263117E-05 
9.480027, 22.96539, 0.05125597, 2883.2, 2976.548, 2831.011, 3026.477, -0.005399331, -0.00533714, -0.005631246, -0.005119745, -3.855995E-06, -1.295939E-05, -3.816263E-06, -1.291957E-05 
9.500028, 22.94614, 0.05259676, 2883.438, 2976.001, 2830.774, 3026.416, -0.005394469, -0.005335713, -0.005629319, -0.005115395, -4.177363E-06, -1.328807E-05, -4.137602E-06, -1.332778E-05 
9.520028, 22.92687, 0.05393262, 2883.535, 2975.221, 2830.235, 3026.281, -0.005389434, -0.005333205, -0.005626308, -0.005110792, -4.698332E-06, -1.381636E-05, -4.698358E-06, -1.381628E-05 
9.540029, 22.90758, 0.055285, 2883.627, 2974.66, 2829.868, 3026.226, -0.005383898, -0.0053297, -0.005622302, -0.00510577, -5.100598E-06, -1.418612E-05, -5.100627E-06, -1.414619E-05 
9.560029, 22.88834, 0.0564821, 2883.879, 2974.506, 2829.775, 3026.508, -0.005379016, -0.005326355, -0.005618703, -0.005101321, -5.104705E-06, -1.411778E-05, -5.064853E-06, -1.407782E-05 
9.580029, 22.86909, 0.0575151, 2883.791, 2973.961, 2829.411, 3026.382, -0.005374787, -0.005323248, -0.005615091, -0.005097358, -5.507941E-06, -1.452827E-05, -5.468059E-06, -1.452819E-05 
9.60003, 22.84978, 0.05836905, 2883.858, 2973.733, 2829.317, 3026.343, -0.005370137, -0.005319305, -0.005610643, -0.005093142, -5.712105E-06, -1.469976E-05, -5.672191E-06, -1.465974E-05 
9.62003, 22.83053, 0.05900337, 2883.707, 2973.802, 2829.286, 3026.271, -0.005365236, -0.005314277, -0.005605361, -0.005088759, -5.676744E-06, -1.459171E-05, -5.716752E-06, -1.463161E-05 
9.640031, 22.81126, 0.05930191, 2883.921, 2974.186, 2829.737, 3026.34, -0.00536149, -0.005310154, -0.005600899, -0.005085281, -5.281235E-06, -1.412338E-05, -5.281263E-06, -1.416331E-05 
9.660031, 22.79205, 0.05913478, 2883.233, 2974.095, 2829.527, 3025.592, -0.005357907, -0.005305022, -0.005595342, -0.005081965, -5.245463E-06, -1.401467E-05, -5.285533E-06, -1.397455E-05 
9.680032, 22.77275, 0.05870957, 2883.166, 2974.78, 2830.218, 3025.488, -0.005355059, -0.005300456, -0.005590771, -0.005079388, -4.688661E-06, -1.32245E-05, -4.648612E-06, -1.322443E-05 
9.700032, 22.75351, 0.0579637, 2882.716, 2975.294, 2830.583, 3025.051, -0.005350547, -0.005294307, -0.005584364, -0.005075228, -4.13097E-06, -1.25534E-05, -4.130992E-06, -1.259344E-05 
9.720033, 22.73429, 0.05713579, 2882.572, 2976.284, 2831.385, 3024.865, -0.00534761, -0.005289644, -0.005579445, -0.005072645, -3.371674E-06, -1.16805E-05, -3.371691E-06, -1.172058E-05 
9.740033, 22.71509, 0.05612759, 2881.825, 2976.325, 2831.405, 3024.042, -0.005344578, -0.005284969, -0.005574595, -0.005069967, -3.33423E-06, -1.148909E-05, -3.334246E-06, -1.15292E-05 
9.760034, 22.69585, 0.05514416, 2881.698, 2977.147, 2832.115, 3023.917, -0.005341288, -0.005280118, -0.005569568, -0.005066697, -2.492646E-06, -1.05737E-05, -2.532862E-06, -1.053344E-05 
9.780034, 22.67663, 0.05425683, 2881.146, 2977.475, 2832.328, 3023.317, -0.005336821, -0.005275011, -0.005564118, -0.005062586, -2.172775E-06, -1.013967E-05, -2.172786E-06, -1.013962E-05 
9.800035, 22.65745, 0.05347918, 2880.917, 2977.831, 2832.602, 3023.088, -0.005332679, -0.0052709, -0.005559748, -0.005058465, -1.932922E-06, -9.825735E-06, -1.892662E-06, -9.785418E-06 
9.820035, 22.6383, 0.05268025, 2880.964, 2978.307, 2832.946, 3023.246, -0.005328774, -0.005267112, -0.005555951, -0.005054749, -1.53147E-06, -9.390374E-06, -1.531477E-06, -9.350027E-06 
9.840035, 22.61914, 0.05214106, 2880.98, 2978.545, 2833.137, 3023.281, -0.005324941, -0.005263731, -0.00555231, -0.005051105, -1.411707E-06, -9.155969E-06, -1.411713E-06, -9.155925E-06 
9.860036, 22.59992, 0.05197817, 2881.043, 2978.657, 2833.134, 3023.437, -0.00531984, -0.005259758, -0.005548328, -0.005046277, -1.533953E-06, -9.203762E-06, -1.53396E-06, -9.203717E-06 
9.880036, 22.58073, 0.05217137, 2881.058, 2978.299, 2832.811, 3023.504, -0.005313645, -0.005255284, -0.005543592, -0.005040187, -1.858401E-06, -9.534453E-06, -1.85841E-06, -9.615207E-06 
9.900037, 22.5615, 0.05258306, 2881.558, 2978.192, 2832.793, 3024.04, -0.00530828, -0.005251728, -0.005539858, -0.005034928, -2.183377E-06, -9.825243E-06, -2.183387E-06, -9.825197E-06 
9.920037, 22.54224, 0.05337597, 2881.879, 2977.91, 2832.331, 3024.679, -0.005302321, -0.005248001, -0.005535787, -0.005029159, -2.508885E-06, -1.019745E-05, -2.508897E-06, -1.015694E-05 
9.940038, 22.52302, 0.05443757, 2882.053, 2977.313, 2831.738, 3025.077, -0.005296018, -0.005244359, -0.005531882, -0.005023383, -3.199417E-06, -1.097527E-05, -3.239931E-06, -1.093471E-05 
9.960038, 22.50387, 0.05573833, 2882.212, 2976.61, 2830.995, 3025.272, -0.00529063, -0.005241383, -0.005528644, -0.005017849, -4.012671E-06, -1.175434E-05, -4.01269E-06, -1.175429E-05 
9.980039, 22.48469, 0.05685213, 2882.752, 2975.982, 2830.542, 3025.806, -0.005285985, -0.005239069, -0.005526404, -0.005013564, -4.664984E-06, -1.245354E-05, -4.705571E-06, -1.249405E-05 
10.00004, 22.46544, 0.05821039, 2883.427, 2976.078, 2830.394, 3026.769, -0.00528167, -0.005235985, -0.005522887, -0.005009186, -4.91238E-06, -1.266669E-05, -4.912403E-06, -1.270723E-05 
10.02004, 22.44625, 0.05950966, 2883.537, 2975.336, 2829.799, 3026.953, -0.005275499, -0.005231217, -0.005517941, -0.005003036, -5.607142E-06, -1.340845E-05, -5.566537E-06, -1.340838E-05 
10.04004, 22.42702, 0.06064589, 2883.693, 2974.943, 2829.32, 3027.272, -0.005271511, -0.005228042, -0.005514415, -0.00499907, -5.977711E-06, -1.37854E-05, -5.97774E-06, -1.374467E-05 
10.06004, 22.40783, 0.06138446, 2884.021, 2974.908, 2829.393, 3027.634, -0.005266508, -0.005223171, -0.005509366, -0.00499426, -6.186109E-06, -1.383741E-05, -6.186138E-06, -1.383735E-05 
10.08004, 22.38857, 0.06186968, 2883.785, 2974.738, 2829.189, 3027.323, -0.005263106, -0.005218625, -0.005504809, -0.004991134, -6.394839E-06, -1.401169E-05, -6.313405E-06, -1.401162E-05 
10.10004, 22.36934, 0.06186581, 2883.597, 2974.917, 2829.33, 3027.257, -0.00525877, -0.005213145, -0.005498893, -0.004987332, -6.196274E-06, -1.373786E-05, -6.196303E-06, -1.373779E-05 
10.12004, 22.35016, 0.0616472, 2883.313, 2975.328, 2829.605, 3026.941, -0.005255446, -0.005208076, -0.005493388, -0.004984286, -5.67099E-06, -1.317797E-05, -5.671016E-06, -1.313711E-05 
10.14004, 22.33094, 0.06088767, 2883.128, 2976.116, 2830.345, 3026.646, -0.005252878, -0.005203077, -0.005488037, -0.004981826, -4.981506E-06, -1.224966E-05, -4.940697E-06, -1.224961E-05 
10.16004, 22.3117, 0.05994412, 2882.46, 2976.496, 2830.741, 3025.844, -0.005249458, -0.005196797, -0.005481575, -0.004978856, -4.372626E-06, -1.152417E-05, -4.290914E-06, -1.152412E-05 
10.18004, 22.29255, 0.05872337, 2881.903, 2977.114, 2831.22, 3025.221, -0.005246032, -0.005191614, -0.005475783, -0.004975965, -3.680942E-06, -1.071568E-05, -3.680957E-06, -1.075653E-05 
10.20004, 22.2734, 0.05737011, 2881.48, 2977.495, 2831.722, 3024.514, -0.005243697, -0.005187351, -0.005471421, -0.004973827, -3.15184E-06, -1.011049E-05, -3.23372E-06, -1.011045E-05 
10.22004, 22.25423, 0.05616084, 2881.401, 2978.57, 2832.639, 3024.29, -0.005240757, -0.005182821, -0.005466451, -0.004971339, -2.3351E-06, -9.094639E-06, -2.294143E-06, -9.135567E-06 
10.24004, 22.2351, 0.0547795, 2880.734, 2978.595, 2832.759, 3023.524, -0.005236872, -0.005178029, -0.00546156, -0.004967651, -2.050021E-06, -8.733126E-06, -2.09103E-06, -8.692091E-06 
10.26005, 22.2159, 0.05370641, 2880.466, 2979.032, 2833.066, 3023.223, -0.005233655, -0.00517399, -0.00545725, -0.004964803, -1.600332E-06, -8.16583E-06, -1.600338E-06, -8.206831E-06 
10.28005, 22.19687, 0.05278154, 2880.429, 2979.436, 2833.459, 3023.12, -0.005228389, -0.005168929, -0.005451662, -0.004959991, -1.149905E-06, -7.638689E-06, -1.108842E-06, -7.679726E-06 
10.30005, 22.17774, 0.05210771, 2880.428, 2979.629, 2833.701, 3023.026, -0.005226002, -0.005166921, -0.00544981, -0.004957461, -1.233053E-06, -7.644961E-06, -1.233058E-06, -7.686031E-06 
10.32005, 22.15856, 0.05186309, 2880.562, 2979.612, 2833.745, 3023.015, -0.005220362, -0.005162777, -0.005445308, -0.004952362, -1.192935E-06, -7.568995E-06, -1.234075E-06, -7.6101E-06 
10.34005, 22.13953, 0.05204746, 2880.598, 2979.388, 2833.545, 3023.267, -0.005214031, -0.00515872, -0.005440893, -0.004946575, -1.3586E-06, -7.781104E-06, -1.399775E-06, -7.739904E-06 
10.36005, 22.12032, 0.05260631, 2881.051, 2978.772, 2833.235, 3023.543, -0.00520999, -0.005157387, -0.005439115, -0.004942993, -2.142586E-06, -8.57038E-06, -2.101391E-06, -8.570346E-06 
10.38005, 22.10106, 0.0534947, 2881.583, 2978.567, 2832.873, 3024.289, -0.005202438, -0.005152634, -0.005434261, -0.004935639, -2.433028E-06, -8.866153E-06, -2.433037E-06, -8.866117E-06 
10.40005, 22.08187, 0.05472634, 2881.754, 2977.915, 2832.058, 3024.924, -0.0051948, -0.005148144, -0.005429585, -0.004927855, -3.095407E-06, -9.616434E-06, -3.177963E-06, -9.575124E-06 
10.42005, 22.06279, 0.05631631, 2882.063, 2977.218, 2831.188, 3025.515, -0.005189636, -0.005146136, -0.005427647, -0.004922978, -4.171941E-06, -1.065708E-05, -4.130652E-06, -1.065704E-05 
10.44005, 22.04371, 0.05805286, 2882.751, 2976.428, 2830.559, 3026.235, -0.005185571, -0.005145057, -0.005426208, -0.004918941, -5.043546E-06, -1.15754E-05, -5.043566E-06, -1.157535E-05 
10.46005, 22.02451, 0.05984515, 2883.134, 2975.49, 2829.743, 3026.702, -0.005181405, -0.005142674, -0.005423894, -0.004914718, -6.040713E-06, -1.25366E-05, -6.040737E-06, -1.257792E-05 
10.48005, 22.00544, 0.06121771, 2883.754, 2975.028, 2829.236, 3027.592, -0.005174662, -0.005137801, -0.00541866, -0.004907916, -6.501246E-06, -1.308536E-05, -6.459863E-06, -1.308531E-05 
10.50005, 21.9862, 0.06270351, 2884.192, 2974.614, 2829.051, 3027.971, -0.005171009, -0.00513403, -0.0054147, -0.004904638, -7.211187E-06, -1.375933E-05, -7.169772E-06, -1.371783E-05 
10.52005, 21.96704, 0.06367405, 2884.082, 2974.468, 2828.65, 3028.074, -0.005165291, -0.005128193, -0.005408674, -0.004899208, -7.300166E-06, -1.38123E-05, -7.341674E-06, -1.385372E-05 
10.54005, 21.94787, 0.06408232, 2883.932, 2974.575, 2828.684, 3028.001, -0.005162068, -0.005123895, -0.005404014, -0.004896014, -7.306253E-06, -1.37823E-05, -7.306282E-06, -1.382376E-05 
