time(sec), speed(km/h), roll angle, FL force, FR force, RL force, RR force, FL long-slip, FR long-slip, RL long-slip, RR long-slip, FL lat-slip, FR lat-slip, RL lat-slip, RR lat-slip 
0.02, 0.7070472, 0.000864051, 0, 0, 0, 0, 0, 0, 0, 0, 0, 0, 0, 0 
0.04, 1.413364, 0.001751945, 0, 0, 0, 0, 0, 0, 0, 0, 0, 0, 0, 0 
0.06, 2.119684, 0.002638951, 0, 0, 0, 0, 0, 0, 0, 0, 0, 0, 0, 0 
0.08, 2.826003, 0.003525072, 0, 0, 0, 0, 0, 0, 0, 0, 0, 0, 0, 0 
0.09999999, 3.532324, 0.004410309, 0, 0, 0, 0, 0, 0, 0, 0, 0, 0, 0, 0 
0.12, 4.238643, 0.005294662, 0, 0, 0, 0, 0, 0, 0, 0, 0, 0, 0, 0 
0.14, 4.944963, 0.006178131, 0, 0, 0, 0, 0, 0, 0, 0, 0, 0, 0, 0 
0.16, 5.651283, 0.00706072, 0, 0, 0, 0, 0, 0, 0, 0, 0, 0, 0, 0 
0.18, 6.357603, 0.007942425, 0, 0, 0, 0, 0, 0, 0, 0, 0, 0, 0, 0 
0.2, 7.063922, 0.008823251, 0, 0, 0, 0, 0, 0, 0, 0, 0, 0, 0, 0 
0.22, 7.770242, 0.009703198, 0, 0, 0, 0, 0, 0, 0, 0, 0, 0, 0, 0 
0.24, 8.47656, 0.01058227, 0, 0, 0, 0, 0, 0, 0, 0, 0, 0, 0, 0 
0.26, 9.182878, 0.01146046, 0, 0, 0, 0, 0, 0, 0, 0, 0, 0, 0, 0 
0.28, 9.889197, 0.01233777, 0, 0, 0, 0, 0, 0, 0, 0, 0, 0, 0, 0 
0.3, 10.59552, 0.01321421, 0, 0, 0, 0, 0, 0, 0, 0, 0, 0, 0, 0 
0.32, 11.30184, 0.01408977, 0, 0, 0, 0, 0, 0, 0, 0, 0, 0, 0, 0 
0.34, 12.00816, 0.01496446, 0, 0, 0, 0, 0, 0, 0, 0, 0, 0, 0, 0 
0.36, 12.71447, 0.01583827, 0, 0, 0, 0, 0, 0, 0, 0, 0, 0, 0, 0 
0.38, 13.42079, 0.01671122, 0, 0, 0, 0, 0, 0, 0, 0, 0, 0, 0, 0 
0.4, 14.12711, 0.01758329, 0, 0, 0, 0, 0, 0, 0, 0, 0, 0, 0, 0 
0.42, 14.83343, 0.01845449, 0, 0, 0, 0, 0, 0, 0, 0, 0, 0, 0, 0 
0.4400001, 15.53975, 0.01932482, 0, 0, 0, 0, 0, 0, 0, 0, 0, 0, 0, 0 
0.4600001, 16.24607, 0.02019428, 0, 0, 0, 0, 0, 0, 0, 0, 0, 0, 0, 0 
0.4800001, 15.77761, 0.1458354, 8543.678, 8661.391, 10834.91, 10983.76, 0.9948893, 0.9942729, 0.9948403, 0.9942191, -0.1309021, -0.1245752, -0.04817975, -0.04582959 
0.5000001, 14.75037, 0.03567348, 9603.002, 9132.26, 12522.86, 11978.88, 0.9876994, 0.9869125, 0.9871812, 0.9863671, 0.0365654, 0.0350967, 0.1042402, 0.1000785 
0.52, 14.18124, 0.09460688, 4550.713, 4485.591, 5324.404, 5259.283, 0.9793652, 0.979225, 0.9775435, 0.9774144, -0.03492096, -0.03450358, -0.0170402, -0.01681559 
0.54, 7.201367, -2.665526E-05, 4550.705, 4485.583, 5324.396, 5259.273, 0.9749071, 0.9743568, 0.9716794, 0.9711106, 0.01047381, 0.01018909, 0.04979113, 0.04857739 
0.56, 8.740865, -0.01138306, 3957.133, 3476.617, 4665.483, 4111.385, 0.9674258, 0.9681574, 0.9620515, 0.9630465, 0.02428682, 0.024358, 0.01953955, 0.01959682 
0.58, 9.761526, 0.1016698, 1700.23, 1529.164, 4422.622, 4196.488, 0.9602833, 0.9618639, 0.9479697, 0.9501415, -0.004188811, -0.004223973, -0.01774435, -0.01789355 
0.6, 10.79934, 0.1142187, 1351.15, 1045.066, 4315.011, 3926.09, 0.9552913, 0.9570946, 0.9338205, 0.9372669, 0.004709293, 0.004711126, 0.004081605, 0.004083195 
0.6199999, 11.75999, 0.1986798, 1064.29, 902.9562, 4032.407, 3811.754, 0.9506729, 0.9536563, 0.9140795, 0.9218542, -0.005001751, -0.00504427, -0.01885211, -0.01901369 
0.6399999, 12.69323, 0.2030321, 1025.032, 630.5812, 3984.498, 3490.508, 0.9471446, 0.9497936, 0.8884486, 0.9004095, 0.007328083, 0.00727382, 0.0193144, 0.01917239 
0.6599999, 13.56316, 0.2574763, 801.593, 671.146, 3653.458, 3469.276, 0.9436995, 0.947647, 0.850139, 0.8756729, -0.01184666, -0.0118546, -0.01294462, -0.0129533 
0.6799999, 14.43869, 0.2391932, 815.7529, 552.7181, 3578.6, 3240.082, 0.9404836, 0.9449617, 0.7953099, 0.8414947, 0.004123319, 0.004123412, 0.004088067, 0.004088158 
0.6999999, 15.28367, 0.2727241, 720.29, 612.777, 3372.897, 3217.573, 0.9372642, 0.9426388, 0.6585429, 0.7906986, -0.0087756, -0.008791508, -0.01175771, -0.0117791 
0.7199998, 16.13652, 0.2347768, 824.7898, 534.8513, 3396, 3028.354, 0.9340286, 0.9398059, 0.3332825, 0.6800629, 0.008930004, 0.00892357, 0.01008598, 0.01007872 
0.7399998, 16.85269, 0.2617427, 813.8395, 753.7425, 3152.404, 3057.007, 0.9315498, 0.9382331, 0.2425372, 0.4523663, -0.006510592, -0.006529782, -0.01137257, -0.01140635 
0.7599998, 17.48439, 0.1996845, 1031.029, 810.7643, 3138.705, 2859.323, 0.9289148, 0.9360477, 0.2572963, 0.2688928, 0.009328609, 0.009342808, 0.006886309, 0.006896831 
0.7799998, 18.08089, 0.2323378, 1100.833, 1074.259, 2928.863, 2880.351, 0.9264658, 0.9341623, 0.2597671, 0.275434, -0.007323258, -0.007330874, -0.009032078, -0.009041494 
0.7999998, 18.71305, 0.1629019, 1343.131, 1177.172, 2948.929, 2740.814, 0.9231266, 0.9313546, 0.2655061, 0.268356, 0.005984347, 0.005980907, 0.006907044, 0.006903082 
0.8199998, 19.37228, 0.188806, 1450.809, 1447.013, 2823.106, 2808.435, 0.9186792, 0.928017, 0.261166, 0.27346, -0.004616977, -0.004624636, -0.007342566, -0.007354804 
0.8399997, 20.06454, 0.1208337, 1701.174, 1583.199, 2891.318, 2746.242, 0.913108, 0.9231482, 0.2666588, 0.266029, 0.002797649, 0.002789898, 0.007239588, 0.007219728 
0.8599997, 20.80052, 0.1427391, 1823.355, 1847.571, 2840.165, 2864.448, 0.9049857, 0.9172435, 0.2583646, 0.2686907, -0.003041695, -0.003050081, -0.007555872, -0.007576833 
0.8799997, 21.56037, 0.08238587, 2068.496, 1992.934, 2951.86, 2861.834, 0.8957946, 0.9093208, 0.2617502, 0.2579628, 0.0003168154, 0.0003154221, 0.007040788, 0.007011684 
0.8999997, 22.33371, 0.1141995, 2181.302, 2258.807, 2935.594, 3027.195, 0.8831458, 0.9000297, 0.2520046, 0.2591802, -0.008644765, -0.0086336, -0.006539989, -0.006531546 
0.9199997, 23.12865, 0.07355843, 2428.276, 2389.853, 3080.257, 3038.212, 0.8698441, 0.8894216, 0.253554, 0.2481973, -0.003175624, -0.003157028, 0.006418603, 0.006380871 
0.9399996, 23.94744, 0.1032758, 2502.162, 2653.115, 3066.831, 3248.361, 0.848967, 0.8750947, 0.2436133, 0.25078, -0.01367035, -0.01363729, -0.009730773, -0.009707245 
0.9599996, 24.80486, 0.0608206, 2744.847, 2721.862, 3270.246, 3249.319, 0.8225359, 0.8563651, 0.2428299, 0.2375815, -0.003121637, -0.00310397, 0.006132151, 0.006097408 
0.9799996, 25.6837, 0.09099233, 2784.272, 2955.484, 3267.851, 3475.31, 0.7783783, 0.8309618, 0.231565, 0.2381273, -0.01301551, -0.01299051, -0.009889362, -0.009870369 
0.9999996, 26.62728, 0.007877482, 3019.907, 2942.741, 3529.789, 3446.81, 0.6969955, 0.7958212, 0.2293436, 0.2265967, 0.004187365, 0.004181151, 0.006602802, 0.006593002 
1.02, 27.58718, 0.04689617, 2987.209, 3149.011, 3516.39, 3713.213, 0.5344927, 0.722956, 0.2205234, 0.2220251, -0.009948705, -0.009932251, -0.007257705, -0.007245703 
1.04, 28.48595, -0.02334595, 3232.513, 3107.459, 3766.929, 3628.468, 0.323228, 0.6012965, 0.2211248, 0.2173032, 0.004538702, 0.004516164, 0.01264771, 0.0125849 
1.06, 29.23625, 0.01538284, 3172.155, 3394.39, 3595.728, 3865.575, 0.2360081, 0.3834663, 0.219352, 0.2206622, -0.009468764, -0.009472004, -0.01002434, -0.01002777 
1.08, 29.86716, -0.02062988, 3411.145, 3384.467, 3720.448, 3700.8, 0.2322044, 0.2428569, 0.230083, 0.2218318, -0.003581639, -0.003553735, 0.009188274, 0.009116594 
1.1, 30.45908, 0.05390365, 3407.949, 3571.528, 3566.964, 3772.409, 0.22129, 0.2284939, 0.2217988, 0.228453, -0.007982501, -0.007989182, -0.009341808, -0.009349628 
1.12, 31.04488, -0.012146, 3683.053, 3439.15, 3754.83, 3484.665, 0.2182155, 0.2237989, 0.2239632, 0.2287564, 0.01597798, 0.01605166, 0.008517872, 0.008557149 
1.14, 31.62596, 0.06345913, 3536.093, 3698.986, 3460.327, 3668.293, 0.219029, 0.2174743, 0.2295169, 0.2267941, -0.009389502, -0.009387999, -0.009129125, -0.009127662 
1.159999, 32.21077, 0.008453644, 3785.381, 3533.43, 3643.413, 3366.953, 0.2149613, 0.2178135, 0.2318552, 0.2355774, 0.01096423, 0.01095772, 0.01193035, 0.01192326 
1.179999, 32.79261, 0.06369936, 3607.833, 3766.67, 3344.308, 3550.143, 0.2131357, 0.2158474, 0.2312707, 0.2344661, -0.00990173, -0.009879603, -0.006263365, -0.006249367 
1.199999, 33.37554, 0.08657617, 3681.995, 3721.451, 3356.56, 3423.578, 0.2153113, 0.2120958, 0.2365277, 0.2333446, -0.008266513, -0.008208987, 0.003115278, 0.00309363 
1.219999, 33.9551, 0.03498222, 3758.607, 3651.926, 3387.857, 3284.37, 0.2085929, 0.2172154, 0.2337015, 0.2439949, 0.00401989, 0.004023605, 0.002512343, 0.00251466 
1.239999, 34.53511, 0.06171416, 3613.141, 3779.732, 3178.447, 3395.553, 0.2124032, 0.2130383, 0.2412246, 0.2416243, -0.01173391, -0.01168384, -0.004773019, -0.00475264 
1.259999, 35.11135, -0.007049561, 3802.032, 3552.585, 3378.965, 3108.925, 0.2114696, 0.2144709, 0.2410909, 0.2431913, 0.01323557, 0.01326318, 0.009851543, 0.009872086 
1.279999, 35.69125, 0.02839189, 3556.702, 3742.775, 3085.521, 3325.558, 0.2114202, 0.2159009, 0.2456601, 0.2503805, -0.006702379, -0.006718192, -0.01052816, -0.010553 
1.299999, 36.27166, -0.02990723, 3680.948, 3546.089, 3243.428, 3107.461, 0.2144764, 0.2146958, 0.2460987, 0.245286, 0.004332794, 0.004328642, 0.005891387, 0.005885741 
1.319999, 36.84975, 0.009320495, 3480.846, 3663.288, 3032.662, 3267.884, 0.2136341, 0.2182261, 0.2452977, 0.2498088, -0.006504433, -0.006519135, -0.01017366, -0.01019666 
1.339999, 37.42847, -0.06466675, 3631.061, 3418.497, 3245.351, 3017.384, 0.2167817, 0.2180435, 0.2474538, 0.2477342, 0.008250856, 0.008252195, 0.007987358, 0.007988654 
1.359999, 38.00541, -0.04229736, 3437.284, 3512.216, 3063.411, 3171.438, 0.2191269, 0.2190488, 0.2504308, 0.2499643, -0.003475331, -0.003475791, -0.003691589, -0.003692078 
1.379999, 38.58256, -0.1107178, 3530.687, 3311.885, 3227.689, 2990.906, 0.2204622, 0.2216821, 0.2489971, 0.2492556, 0.009268602, 0.009275795, 0.008009999, 0.008016217 
1.399999, 39.162, -0.1114197, 3362.658, 3371.083, 3090.407, 3118.874, 0.2244442, 0.2224339, 0.2520539, 0.2488238, -0.0005323098, -0.0005323921, -0.0007978838, -0.0007980095 
1.419999, 39.74154, -0.03613281, 3233.024, 3391.448, 3002.166, 3205.51, 0.2262192, 0.2243886, 0.2514115, 0.2476549, -0.008049722, -0.008039307, -0.005934513, -0.005926847 
1.439999, 40.3204, -0.02481079, 3290.23, 3227.793, 3134.179, 3077.875, 0.225397, 0.2294362, 0.2474383, 0.251038, 0.001066812, 0.001066752, 0.00115578, 0.001155715 
1.459999, 40.89938, -0.04580688, 3266.381, 3149.47, 3171.185, 3050.126, 0.2272955, 0.2320217, 0.2465005, 0.2517649, 0.003356942, 0.00335868, 0.002517653, 0.002518958 
1.479999, 41.47321, 0.0209168, 3079.409, 3242.966, 3010.913, 3217.522, 0.2348519, 0.2371209, 0.2507217, 0.2528763, -0.008373462, -0.008369931, -0.007687088, -0.007683847 
1.499999, 42.05702, 0.007842448, 3175.322, 3050.611, 3189.306, 3057.386, 0.2320867, 0.2372033, 0.2465539, 0.2516541, 0.003033706, 0.003034189, 0.00277536, 0.002775801 
1.519999, 42.63776, 0.04869298, 3035.984, 3108.37, 3082.114, 3180.226, 0.2337435, 0.2381527, 0.2458511, 0.2507741, -0.005166373, -0.005163891, -0.004385576, -0.004383468 
1.539999, 43.21264, -0.01089478, 3169.821, 2905.402, 3284.906, 2987.851, 0.2395121, 0.2449558, 0.2473709, 0.2529282, 0.007974359, 0.007974052, 0.008037147, 0.008036838 
1.559999, 43.7972, 0.02501043, 2954.522, 3050.942, 3084.39, 3209.259, 0.239177, 0.2409122, 0.246951, 0.248794, -0.005631548, -0.005629215, -0.004958187, -0.004956133 
1.579999, 44.37679, -0.03146362, 3104.766, 2848.612, 3297.698, 3009.15, 0.2410049, 0.2438449, 0.246226, 0.2487549, 0.008138523, 0.008141113, 0.007621069, 0.007623496 
1.599999, 44.9592, 0.005206405, 2903.244, 3004.122, 3096.594, 3225.678, 0.2418911, 0.2426124, 0.246381, 0.2468461, -0.005402919, -0.005401214, -0.004889436, -0.004887892 
1.619999, 45.54031, -0.04598999, 3058.664, 2815.134, 3304.341, 3029.713, 0.2420821, 0.244424, 0.2454103, 0.2469977, 0.007484163, 0.007484997, 0.007303115, 0.007303928 
1.639999, 46.11919, 0.005882354, 2845.648, 3005.77, 3072.729, 3270.599, 0.2447599, 0.2454937, 0.2474301, 0.2477521, -0.007285167, -0.007283791, -0.006977977, -0.006976659 
1.659999, 46.70131, -0.03924561, 3037.216, 2797.834, 3311.663, 3041.444, 0.2434972, 0.2470904, 0.2450808, 0.2480583, 0.007141675, 0.007142885, 0.006866491, 0.006867655 
1.679999, 47.28358, 0.0114702, 2838.664, 2990.087, 3087.343, 3274.685, 0.2443652, 0.2459603, 0.2451259, 0.246402, -0.006960487, -0.006959137, -0.00664494, -0.006643652 
1.699999, 47.86606, -0.03121948, 3033.434, 2797.523, 3317.601, 3051.253, 0.2425285, 0.2466163, 0.2433849, 0.2469506, 0.00672438, 0.006725369, 0.006485484, 0.006486438 
1.719999, 48.44808, 0.01635518, 2850.417, 2990.255, 3100.144, 3274.01, 0.2432569, 0.2451751, 0.2440335, 0.2457029, -0.006539337, -0.006538059, -0.006221551, -0.006220335 
1.739999, 49.02991, -0.02352905, 3042.592, 2814.803, 3317.101, 3060.436, 0.2417304, 0.2459338, 0.2427925, 0.2465994, 0.006239504, 0.006240596, 0.005954842, 0.005955885 
1.759999, 49.61181, 0.01932433, 2877.977, 3001.851, 3112.697, 3268.223, 0.2422682, 0.2443187, 0.2436278, 0.2454536, -0.005973718, -0.005972323, -0.005594121, -0.005592816 
1.779999, 50.19361, -0.01580811, 3058.525, 2848.456, 3308.785, 3073.365, 0.2405145, 0.2447712, 0.2424836, 0.2463991, 0.005512551, 0.005513811, 0.005141243, 0.005142417 
1.799999, 50.77545, 0.01814885, 2922.41, 3016.002, 3131.784, 3252.314, 0.2407847, 0.2429287, 0.2433814, 0.245295, -0.004930669, -0.004929284, -0.004473803, -0.004472546 
1.819999, 51.35713, -0.003517716, 3066.647, 2906.287, 3280.737, 3104.012, 0.2389286, 0.2430714, 0.2423499, 0.246208, 0.003770846, 0.003771753, 0.003379834, 0.003380647 
1.839999, 51.93881, 0.004954528, 3003.469, 3005.979, 3185.46, 3199.902, 0.2387975, 0.2413246, 0.2430722, 0.2453526, -0.001797574, -0.001797306, -0.001555532, -0.0015553 
1.859999, 52.52033, 0.006094124, 3050.533, 2996.441, 3218.281, 3166.744, 0.2375215, 0.2406417, 0.2427437, 0.2455818, 0.000156424, 0.0001564231, 0.0001662901, 0.0001662891 
1.879999, 53.10174, 0.006572347, 3067.589, 3017.89, 3215.749, 3169.616, 0.2364793, 0.2396823, 0.2426327, 0.245605, -1.365755E-05, -1.365724E-05, 1.600391E-05, 1.600373E-05 
1.899999, 53.68298, 0.006719074, 3086.105, 3036.982, 3215.042, 3169.936, 0.2355181, 0.2386295, 0.2426317, 0.2455182, -1.825119E-05, -1.825086E-05, 1.136073E-05, 1.136053E-05 
1.919999, 54.26403, 0.006604565, 3104.552, 3055.895, 3214.728, 3170.513, 0.2345599, 0.2376094, 0.2426228, 0.2454491, -1.815087E-05, -1.815054E-05, 1.139508E-05, 1.139493E-05 
1.939999, 54.84489, 0.006278003, 3122.099, 3073.987, 3214.432, 3171.124, 0.2336271, 0.2366273, 0.2426093, 0.2453873, -1.763464E-05, -1.763427E-05, 1.188392E-05, 1.188376E-05 
1.959999, 55.42553, 0.005781963, 3138.41, 3090.843, 3213.806, 3171.354, 0.2327384, 0.2356922, 0.2425947, 0.2453269, -1.69147E-05, -1.691433E-05, 1.264576E-05, 1.264559E-05 
1.979999, 56.00597, 0.005157544, 3153.752, 3106.701, 3213.536, 3172.046, 0.231907, 0.234816, 0.2425811, 0.2452693, -1.622953E-05, -1.622918E-05, 1.335516E-05, 1.335491E-05 
1.999999, 56.58617, 0.004441495, 3167.167, 3120.643, 3212.788, 3172.149, 0.2311384, 0.2340051, 0.2425662, 0.2452116, -1.557573E-05, -1.55754E-05, 1.402414E-05, 1.402394E-05 
2.019999, 57.16614, 0.003668407, 3179.494, 3133.525, 3212.571, 3172.796, 0.2304424, 0.2332702, 0.2425522, 0.2451571, -1.491795E-05, -1.491767E-05, 1.469599E-05, 1.469578E-05 
2.039999, 57.74586, 0.002866606, 3189.972, 3144.388, 3212.132, 3172.987, 0.2298233, 0.2326144, 0.2425388, 0.2451053, -1.435684E-05, -1.435658E-05, 1.527828E-05, 1.527801E-05 
2.059999, 58.32539, 0.002064617, 3198.889, 3153.772, 3211.938, 3173.458, 0.2292827, 0.2320416, 0.2425248, 0.2450569, -1.387403E-05, -1.387378E-05, 1.572886E-05, 1.572857E-05 
2.079999, 58.90467, 0.001284986, 3206.051, 3161.357, 3211.662, 3173.707, 0.2288208, 0.2315517, 0.2425104, 0.2450111, -1.344179E-05, -1.344154E-05, 1.615816E-05, 1.615792E-05 
2.099999, 59.48376, 0.0005465281, 3211.466, 3167.087, 3211.286, 3173.794, 0.2284384, 0.2311445, 0.2424957, 0.2449693, -1.309887E-05, -1.309852E-05, 1.649678E-05, 1.649648E-05 
2.119999, 60.06261, -0.0001358335, 3215.345, 3171.21, 3210.971, 3173.931, 0.2281348, 0.2308207, 0.2424829, 0.2449343, -1.282179E-05, -1.282156E-05, 1.672909E-05, 1.672874E-05 
2.139999, 60.44898, -0.0007518336, 3260.245, 3215.751, 3166.872, 3130.706, 0.07510745, 0.0779079, 0.09341602, 0.09605897, -1.262139E-05, -1.262116E-05, 1.716994E-05, 1.716958E-05 
2.159999, 60.27032, 0.2254271, 3824.397, 3042.031, 3370.876, 2476.442, 0.02518988, 0.04527276, 0.01798612, 0.03797951, -0.4581604, -0.4566422, 0.0004785027, 0.0004886828 
2.179999, 59.95269, 0.6044822, 4294.933, 2871.831, 3484.793, 1845.702, -0.008916292, 0.006495524, 0.0008320266, 0.02108122, -0.4434667, -0.4408084, -0.0003584889, -0.0003754588 
2.199999, 59.60468, 1.10255, 4752.53, 2675.94, 3611.775, 1212.506, -0.01121426, -0.0007521086, -0.002859511, 0.01624132, -0.4300799, -0.4261129, -0.001204513, -0.001270719 
2.219999, 59.26339, 1.697393, 4549.214, 2500.632, 3754.108, 590.4293, -0.0103134, -0.001910838, -0.003193971, 0.01484089, -0.4191472, -0.4140806, -0.001907678, -0.002036332 
2.239999, 58.93404, 1.605638, 4548.092, 2393.779, 3933.409, -28.60242, -0.008794201, -0.001770209, -0.002843403, 0.01461903, -0.4110436, -0.4055322, -0.002572208, -0.002776578 
2.259999, 58.61495, 1.747065, 4548.245, 2474.447, 3624.084, -34.71326, -0.008844197, -0.004490479, -0.002409742, 0.01003982, -0.4058462, -0.3994333, -0.00263021, -0.002849648 
2.279999, 58.31163, 1.921221, 4547.974, 2248.741, 3566.511, -197.5082, -0.008132316, -0.003839078, -0.00289736, 0.007797085, -0.4032208, -0.3963931, -0.00294871, -0.003201426 
2.299999, 58.01468, 2.112198, 4547.615, 2083.365, 3558.171, -390.6183, -0.007701674, -0.00333473, -0.002855747, 0.007536877, -0.3994149, -0.3920341, -0.0033074, -0.003603418 
2.319999, 57.72535, 2.311257, 4547.225, 1930.785, 3572.32, -557.4846, -0.007134611, -0.003115831, -0.002690844, 0.007094412, -0.3964047, -0.388579, -0.003539203, -0.003869581 
2.339998, 57.4431, 2.511197, 4546.82, 1792.666, 3600.102, -688.2598, -0.006610619, -0.003004298, -0.002514309, 0.006497776, -0.3941325, -0.3859584, -0.003715761, -0.004075177 
2.359998, 57.16719, 2.705831, 4546.416, 1671.799, 3636.431, -781.8898, -0.006157524, -0.00292994, -0.002345755, 0.005859111, -0.3924799, -0.3840414, -0.003844251, -0.004226729 
2.379998, 56.89679, 2.889929, 4546.023, 1569.863, 3677.415, -840.3938, -0.005781867, -0.002868229, -0.002193407, 0.005269494, -0.3913169, -0.3826818, -0.003928858, -0.004328528 
2.399998, 56.6311, 3.059185, 4545.658, 1487.794, 3720.081, -866.8519, -0.00548467, -0.002811013, -0.002060693, 0.004779332, -0.390515, -0.3817344, -0.003975261, -0.004386737 
2.419998, 56.36927, 3.210289, 4545.328, 1425.851, 3761.924, -864.9879, -0.005264172, -0.002757157, -0.001950167, 0.004411122, -0.3899537, -0.3810619, -0.00399006, -0.004408524 
2.439998, 56.11057, 3.340889, 4545.044, 1383.188, 3800.625, -839.6841, -0.005115658, -0.002706824, -0.001861356, 0.004171466, -0.3895245, -0.3805403, -0.00397903, -0.00440066 
2.459998, 55.85423, 3.449583, 4544.81, 1358.704, 3834.604, -795.2501, -0.005033134, -0.002661776, -0.001794262, 0.004054256, -0.3891331, -0.3800621, -0.003948557, -0.004370533 
2.479998, 55.59962, 3.535896, 4544.631, 1351.052, 3863.116, -736.1047, -0.00500925, -0.002623388, -0.001747646, 0.004048213, -0.3887003, -0.3795361, -0.003904627, -0.004324757 
2.499998, 55.34609, 3.6001, 4544.506, 1357.356, 3884.736, -667.5444, -0.005035745, -0.00259306, -0.001719466, 0.004136773, -0.3881623, -0.37889, -0.003851793, -0.004268829 
2.519998, 55.09321, 3.643186, 4544.436, 1375.984, 3899.828, -592.8733, -0.005103416, -0.002571027, -0.00170765, 0.004303407, -0.3874712, -0.3780675, -0.003794983, -0.004208627 
2.539998, 54.84055, 3.666718, 4544.414, 1404.178, 3908.136, -516.1441, -0.005202993, -0.002558584, -0.001710395, 0.004528128, -0.3865951, -0.377032, -0.00373748, -0.004147921 
2.559998, 54.58781, 3.672733, 4544.438, 1439.664, 3910.219, -440.5812, -0.005325675, -0.002555278, -0.001725198, 0.004790973, -0.3855151, -0.3757611, -0.003682332, -0.004089853 
2.579998, 54.33477, 3.66354, 4544.496, 1480.137, 3906.89, -368.5175, -0.005462561, -0.00255709, -0.001751227, 0.005064194, -0.3842289, -0.3742509, -0.003633222, -0.00403896 
2.599998, 54.0813, 3.641701, 4544.583, 1523.04, 3898.963, -302.3996, -0.005604497, -0.002571578, -0.001780689, 0.005325933, -0.3827352, -0.3724999, -0.003576254, -0.003980326 
2.619998, 53.82739, 3.609796, 4544.69, 1566.266, 3887.461, -244.0378, -0.005744305, -0.002600763, -0.001809607, 0.005554392, -0.3810473, -0.3705234, -0.003506165, -0.003908214 
2.639998, 53.57304, 3.570449, 4544.813, 1608.646, 3873.271, -193.6603, -0.005878611, -0.002632517, -0.001841682, 0.005756589, -0.3791925, -0.368349, -0.003449496, -0.003851164 
2.659998, 53.31833, 3.526276, 4544.94, 1648.409, 3857.44, -151.8573, -0.006002109, -0.002665639, -0.001874334, 0.005929371, -0.3771992, -0.3660084, -0.003406071, -0.003809075 
2.679998, 53.06341, 3.479547, 4545.069, 1684.615, 3840.787, -118.5988, -0.006111342, -0.002695777, -0.001907008, 0.006065778, -0.3750999, -0.3635384, -0.003375592, -0.003781529 
2.699998, 52.8084, 3.432378, 4545.192, 1715.933, 3823.903, -94.00378, -0.006204243, -0.002724206, -0.001936687, 0.006171933, -0.3729227, -0.3609715, -0.003356196, -0.00376649 
2.719998, 52.5535, 3.386542, 4545.309, 1742.219, 3808.213, -76.93811, -0.006278001, -0.002750249, -0.001961885, 0.006251564, -0.3706996, -0.3583442, -0.003348594, -0.003764431 
2.739998, 52.2989, 3.343589, 4545.414, 1763.056, 3793.992, -66.77612, -0.006332908, -0.002774615, -0.001982106, 0.006306141, -0.3684607, -0.355692, -0.003350026, -0.003772656 
2.759998, 52.04478, 3.304709, 4545.506, 1777.892, 3781.335, -63.14081, -0.006368246, -0.002795731, -0.001995895, 0.006339047, -0.3662347, -0.3530483, -0.003359397, -0.003789817 
2.779998, 51.79132, 3.270786, 4545.583, 1787.26, 3770.987, -64.36713, -0.0063856, -0.002813416, -0.00200356, 0.006353065, -0.364046, -0.3504427, -0.003375886, -0.003814902 
2.799998, 51.53868, 3.242465, 4545.646, 1791.263, 3762.821, -69.8468, -0.006386356, -0.002827407, -0.002004713, 0.006351338, -0.3619152, -0.3478999, -0.003396947, -0.003844718 
2.819998, 51.28706, 3.219985, 4545.694, 1790.354, 3756.817, -78.2666, -0.006372513, -0.002836912, -0.002000439, 0.00633711, -0.3598587, -0.3454399, -0.003421592, -0.003878814 
2.839998, 51.03654, 3.203441, 4545.729, 1785.465, 3753.277, -88.35919, -0.006346625, -0.00284301, -0.00199087, 0.00631273, -0.3578892, -0.3430789, -0.00344866, -0.00391521 
2.859998, 50.78724, 3.192673, 4545.751, 1776.718, 3751.364, -99.79156, -0.006311049, -0.002844981, -0.001976532, 0.006281554, -0.3560143, -0.3408262, -0.003476034, -0.003951962 
2.879998, 50.53922, 3.187335, 4545.762, 1765.185, 3751.264, -111.4196, -0.006268556, -0.002843993, -0.001959067, 0.006246391, -0.3542366, -0.3386858, -0.00350305, -0.003988132 
2.899998, 50.29257, 3.186905, 4545.762, 1751.534, 3752.539, -122.5729, -0.006221387, -0.002839782, -0.001938636, 0.006209913, -0.3525568, -0.3366596, -0.003528857, -0.004022667 
2.919998, 50.04727, 3.190764, 4545.755, 1736.42, 3754.807, -132.8052, -0.006172409, -0.002832922, -0.001916848, 0.006174723, -0.3509701, -0.334742, -0.003552299, -0.004054403 
2.939998, 49.80334, 3.198209, 4545.741, 1720.491, 3757.667, -141.7513, -0.006123965, -0.00282438, -0.001894086, 0.006143132, -0.3494697, -0.3329255, -0.003572733, -0.004082463 
2.959998, 49.56077, 3.208531, 4545.723, 1704.638, 3761.137, -148.7485, -0.006077704, -0.002814521, -0.001871199, 0.006116626, -0.3480466, -0.3311998, -0.00358978, -0.004106469 
2.979998, 49.31952, 3.220934, 4545.7, 1689.103, 3764.561, -153.9703, -0.006035372, -0.002803714, -0.001849454, 0.006097319, -0.3466899, -0.3295524, -0.003602833, -0.004126078 
2.999998, 49.07954, 3.234706, 4545.675, 1674.418, 3767.509, -157.4697, -0.005998583, -0.002792728, -0.001829399, 0.006085969, -0.3453872, -0.3279679, -0.003612716, -0.004141629 
3.019998, 48.84074, 3.249169, 4545.649, 1661.191, 3770.132, -158.7932, -0.005968196, -0.002782182, -0.001811458, 0.006083569, -0.3441258, -0.3264318, -0.003618974, -0.004153163 
3.039998, 48.60309, 3.263627, 4545.625, 1649.615, 3772.265, -158.2527, -0.00594508, -0.002772, -0.001795995, 0.006090762, -0.3428921, -0.3249274, -0.003621839, -0.004160649 
3.059998, 48.3665, 3.277584, 4545.602, 1639.701, 3773.306, -156.331, -0.005929545, -0.002763924, -0.001783446, 0.006106921, -0.3416734, -0.3234396, -0.00362094, -0.004163912 
3.079998, 48.13091, 3.290549, 4545.581, 1631.803, 3773.589, -152.7186, -0.005921623, -0.002756946, -0.001773777, 0.006132383, -0.3404584, -0.3219543, -0.003617943, -0.004164748 
3.099998, 47.89622, 3.302143, 4545.563, 1625.786, 3772.861, -147.949, -0.005920914, -0.002751634, -0.001767162, 0.006166585, -0.339235, -0.3204566, -0.003612588, -0.004163003 
3.119998, 47.66241, 3.312046, 4545.549, 1621.733, 3771.276, -142.1172, -0.005927667, -0.002748486, -0.001763705, 0.006207938, -0.3379939, -0.3189355, -0.003605252, -0.004159149 
3.139998, 47.42938, 3.320096, 4545.538, 1619.505, 3768.764, -135.5073, -0.005940617, -0.002747691, -0.001762824, 0.006255977, -0.3367275, -0.3173813, -0.003596646, -0.00415378 
3.159998, 47.19712, 3.326203, 4545.532, 1619.02, 3765.602, -128.2186, -0.005958917, -0.002748789, -0.00176441, 0.006310062, -0.3354278, -0.3157839, -0.003587069, -0.00414746 
3.179998, 46.96556, 3.330317, 4545.529, 1619.857, 3761.702, -120.6547, -0.005982667, -0.002752207, -0.001768562, 0.006367518, -0.3340906, -0.3141381, -0.003576826, -0.004140428 
3.199998, 46.73466, 3.332528, 4545.531, 1621.924, 3757.123, -113.0698, -0.006009472, -0.002756914, -0.001774822, 0.006429112, -0.3327118, -0.3124383, -0.003566721, -0.004133916 
3.219998, 46.50444, 3.332924, 4545.536, 1625, 3752.114, -105.4849, -0.006039349, -0.002763659, -0.001782298, 0.00649155, -0.3312903, -0.3106834, -0.003556751, -0.004127635 
3.239998, 46.27485, 3.331685, 4545.543, 1628.584, 3746.638, -98.27667, -0.006071059, -0.002771892, -0.001790793, 0.006555398, -0.3298252, -0.3088711, -0.003547114, -0.004121845 
3.259998, 46.0459, 3.329005, 4545.555, 1633.092, 3741.43, -91.00201, -0.006104164, -0.002781134, -0.001800175, 0.006619088, -0.3283168, -0.3070022, -0.003537876, -0.004116694 
3.279998, 45.81759, 3.325114, 4545.566, 1637.328, 3735.724, -84.52051, -0.006137038, -0.00279123, -0.00181017, 0.006681495, -0.326768, -0.3050798, -0.003529608, -0.004112701 
3.299998, 45.58997, 3.320268, 4545.582, 1642.107, 3730.468, -78.04779, -0.006169453, -0.002802273, -0.001819924, 0.006742904, -0.3251804, -0.3031054, -0.003522022, -0.004109731 
3.319998, 45.363, 3.314725, 4545.597, 1646.286, 3724.976, -72.5791, -0.006200659, -0.002813771, -0.001829719, 0.006801265, -0.3235588, -0.3010848, -0.003515526, -0.00410812 
3.339998, 45.13676, 3.308716, 4545.613, 1650.453, 3719.928, -67.33221, -0.006230804, -0.002824802, -0.00183934, 0.006857972, -0.3219047, -0.29902, -0.003509736, -0.00410751 
3.359998, 44.91125, 3.302467, 4545.631, 1654.192, 3715.415, -62.42334, -0.006258075, -0.002835954, -0.001848057, 0.006911097, -0.3202246, -0.2969183, -0.003504829, -0.004107786 
3.379997, 44.68654, 3.296175, 4545.647, 1657.392, 3711.062, -58.03613, -0.006283896, -0.002847396, -0.001856003, 0.006962367, -0.3185205, -0.2947823, -0.003500992, -0.004109455 
3.399997, 44.46262, 3.29005, 4545.664, 1660.043, 3707.152, -54.05945, -0.006307129, -0.002858365, -0.001863244, 0.007009913, -0.3167982, -0.2926188, -0.003497657, -0.00411191 
3.419997, 44.23952, 3.284252, 4545.678, 1661.776, 3703.305, -50.77814, -0.006327764, -0.002867911, -0.00186999, 0.007055225, -0.3150612, -0.2904324, -0.003495657, -0.004115966 
3.439997, 44.01732, 3.278847, 4545.692, 1663.114, 3700.122, -47.39343, -0.006346246, -0.002877135, -0.001875645, 0.00709892, -0.3133114, -0.2882253, -0.003494189, -0.004120447 
3.459997, 43.79602, 3.274013, 4545.707, 1664.034, 3697.452, -44.18347, -0.006363186, -0.002886209, -0.001880788, 0.007139859, -0.3115527, -0.2860026, -0.003492774, -0.004125464 
3.479997, 43.57564, 3.269747, 4545.718, 1664.025, 3694.85, -41.37427, -0.006377271, -0.002894521, -0.001884593, 0.007178147, -0.3097891, -0.283769, -0.00349208, -0.004130784 
3.499997, 43.35624, 3.266088, 4545.729, 1663.649, 3692.605, -38.58557, -0.006390337, -0.0029018, -0.001888394, 0.007216703, -0.3080195, -0.2815228, -0.003492008, -0.004137126 
3.519997, 43.13781, 3.263055, 4545.74, 1663.047, 3690.846, -35.64038, -0.006401536, -0.002908999, -0.001891287, 0.007252442, -0.3062482, -0.2792704, -0.003491558, -0.004142991 
3.539997, 42.92038, 3.260667, 4545.748, 1661.802, 3688.96, -32.94183, -0.006411945, -0.002915764, -0.001893941, 0.007287887, -0.304475, -0.2770103, -0.003491533, -0.004149409 
3.559997, 42.70398, 3.258804, 4545.756, 1659.994, 3687.025, -30.45337, -0.006422106, -0.002921646, -0.001896431, 0.00732346, -0.3026994, -0.2747428, -0.003491514, -0.004155951 
3.579997, 42.48863, 3.257475, 4545.763, 1658.621, 3685.739, -27.30682, -0.006431548, -0.002927704, -0.00189883, 0.007358379, -0.3009221, -0.2724684, -0.00349147, -0.004162253 
3.599997, 42.27431, 3.256597, 4545.769, 1656.625, 3683.96, -24.5473, -0.006440739, -0.002932952, -0.001901597, 0.007392626, -0.2991439, -0.2701879, -0.003491894, -0.004169159 
3.619997, 42.06105, 3.256078, 4545.773, 1654.841, 3682.496, -21.4256, -0.006449825, -0.002938639, -0.001904431, 0.007427952, -0.297361, -0.2678969, -0.003491295, -0.004175023 
3.639997, 41.84886, 3.255848, 4545.778, 1652.893, 3680.726, -18.33472, -0.006459762, -0.002944593, -0.001907021, 0.007463847, -0.2955744, -0.2655962, -0.003491132, -0.004181135 
3.659997, 41.63773, 3.255866, 4545.783, 1651.049, 3678.958, -15.06995, -0.00647007, -0.002950447, -0.001910762, 0.007499516, -0.2937832, -0.2632849, -0.003490394, -0.004187163 
3.679997, 41.42768, 3.255979, 4545.788, 1649.527, 3677.393, -11.48273, -0.006480748, -0.002956204, -0.001914421, 0.00753657, -0.2919853, -0.2609603, -0.003490019, -0.004193285 
3.699997, 41.21867, 3.25617, 4545.792, 1647.817, 3675.12, -8.219177, -0.006493152, -0.002962317, -0.001919014, 0.00757459, -0.2901781, -0.2586187, -0.003489497, -0.004199418 
3.719997, 41.01077, 3.256365, 4545.796, 1646.289, 3672.906, -4.816956, -0.006506007, -0.002968973, -0.001923766, 0.007613047, -0.2883614, -0.2562599, -0.003488027, -0.0042045 
3.739997, 40.80391, 3.256495, 4545.8, 1645.288, 3670.689, -0.9603882, -0.006519628, -0.002975808, -0.001929389, 0.007651131, -0.2865352, -0.2538837, -0.003487643, -0.004210521 
3.759997, 40.59814, 3.256498, 4545.805, 1644.397, 3668.376, 2.78125, -0.006534423, -0.002983658, -0.001935736, 0.007691218, -0.2846957, -0.2514851, -0.003485966, -0.004215783 
3.779997, 40.39343, 3.256373, 4545.809, 1643.492, 3665.58, 6.358215, -0.00654957, -0.00299039, -0.001942333, 0.00773187, -0.2828426, -0.2490635, -0.003485564, -0.004221939 
3.799997, 40.18982, 3.256063, 4545.814, 1642.963, 3662.85, 10.14178, -0.006566216, -0.002999078, -0.001950067, 0.007772356, -0.2809749, -0.2466178, -0.003484558, -0.004227622 
3.819997, 39.98727, 3.255576, 4545.82, 1642.771, 3660.208, 14.15961, -0.006583384, -0.00300777, -0.001958144, 0.00781379, -0.2790922, -0.244147, -0.003483127, -0.004233318 
3.839997, 39.78583, 3.254852, 4545.825, 1642.472, 3657.175, 17.88983, -0.006600989, -0.003016938, -0.001966244, 0.007855059, -0.2771938, -0.24165, -0.003482143, -0.004239195 
3.859997, 39.58546, 3.253956, 4545.831, 1642.558, 3654.302, 21.78479, -0.006619686, -0.003026395, -0.001975504, 0.007897099, -0.2752791, -0.2391259, -0.003481833, -0.004246016 
3.879997, 39.38621, 3.25284, 4545.837, 1642.536, 3651.098, 25.40936, -0.006638566, -0.00303576, -0.001984875, 0.00793926, -0.2733471, -0.2365736, -0.003480961, -0.004252338 
3.899997, 39.18806, 3.251556, 4545.844, 1642.793, 3648.05, 29.17273, -0.006657549, -0.003045511, -0.001994521, 0.007981344, -0.2713988, -0.2339937, -0.003480086, -0.004258738 
3.919997, 38.99104, 3.250092, 4545.852, 1643.044, 3644.908, 32.91516, -0.006676621, -0.003055745, -0.002004774, 0.008023249, -0.2694333, -0.231385, -0.003479566, -0.004265745 
3.939997, 38.79514, 3.24849, 4545.857, 1643.269, 3641.665, 36.38214, -0.006696548, -0.003066665, -0.002015144, 0.008063901, -0.2674527, -0.2287506, -0.003479371, -0.00427323 
3.959997, 38.60038, 3.24677, 4545.866, 1643.863, 3638.964, 40.33307, -0.006715986, -0.003077399, -0.002025965, 0.008105698, -0.2654563, -0.2260888, -0.003479539, -0.00428116 
3.979997, 38.40679, 3.244972, 4545.874, 1644.201, 3635.717, 43.88068, -0.006735431, -0.003087945, -0.002036236, 0.008146211, -0.263444, -0.2233995, -0.003478672, -0.004287857 
3.999997, 38.21437, 3.243097, 4545.88, 1644.535, 3632.828, 47.42316, -0.006754963, -0.003099572, -0.002047461, 0.008186586, -0.2614169, -0.2206842, -0.003478789, -0.004296076 
4.019997, 38.02312, 3.241174, 4545.888, 1644.89, 3629.783, 50.98187, -0.006774159, -0.003110816, -0.002058301, 0.008226619, -0.2593754, -0.2179429, -0.003479684, -0.004304982 
4.039997, 37.83303, 3.239249, 4545.896, 1645.181, 3626.924, 54.47559, -0.006792942, -0.003121673, -0.002069768, 0.008265793, -0.2573217, -0.2151788, -0.003480216, -0.004313716 
4.059997, 37.64419, 3.237324, 4545.903, 1645.165, 3623.879, 57.67432, -0.006812063, -0.003132829, -0.002081018, 0.008305288, -0.2552534, -0.2123884, -0.003480986, -0.004322757 
4.079997, 37.45657, 3.235416, 4545.91, 1645.359, 3621.133, 61.15289, -0.006830585, -0.003143987, -0.002092899, 0.008344194, -0.2531736, -0.2095756, -0.00348275, -0.004333202 
4.099997, 37.27018, 3.233557, 4545.919, 1645.548, 3618.592, 64.64758, -0.006849281, -0.003155748, -0.002104046, 0.00838198, -0.251082, -0.2067404, -0.003483173, -0.004341998 
4.119997, 37.08505, 3.231743, 4545.925, 1645.491, 3615.856, 67.83929, -0.006867109, -0.003166607, -0.00211531, 0.00842005, -0.2489797, -0.2038834, -0.003485006, -0.004352631 
4.139997, 36.90118, 3.229994, 4545.932, 1645.432, 3613.194, 71.2572, -0.006885624, -0.003178069, -0.002127644, 0.008457066, -0.2468664, -0.2010047, -0.00348704, -0.004363509 
4.159997, 36.71859, 3.228294, 4545.938, 1645.133, 3610.436, 74.26642, -0.006903012, -0.003189734, -0.00213993, 0.008493406, -0.2447447, -0.1981071, -0.003488616, -0.004373986 
4.179997, 36.53729, 3.226703, 4545.947, 1645.081, 3608.025, 77.67456, -0.006920648, -0.003200378, -0.002151643, 0.008531452, -0.2426116, -0.1951872, -0.003490853, -0.004385298 
4.199997, 36.3573, 3.225159, 4545.953, 1645.01, 3605.541, 81.12964, -0.006938532, -0.003211726, -0.002163824, 0.008567144, -0.2404697, -0.1922479, -0.003492928, -0.004396565 
4.219997, 36.17864, 3.223688, 4545.959, 1644.768, 3603.061, 84.35162, -0.006955363, -0.003223279, -0.002175953, 0.008602221, -0.2383205, -0.1892916, -0.00349511, -0.004407974 
4.239997, 36.0013, 3.222282, 4545.966, 1644.502, 3600.684, 87.65851, -0.006972959, -0.003234614, -0.002189084, 0.008637719, -0.2361622, -0.1863151, -0.003498501, -0.004420887 
4.259997, 35.82529, 3.220943, 4545.973, 1644.316, 3598.281, 90.98694, -0.00699019, -0.003245318, -0.00220119, 0.00867428, -0.2339948, -0.1833196, -0.00350144, -0.00443328 
4.279997, 35.65063, 3.219641, 4545.979, 1643.855, 3595.568, 94.00043, -0.007007485, -0.003256421, -0.002213771, 0.008709133, -0.2318204, -0.1803058, -0.003504266, -0.004445703 
4.299997, 35.47734, 3.218398, 4545.984, 1643.595, 3593.136, 97.32715, -0.007024937, -0.003268033, -0.002227277, 0.008744287, -0.2296382, -0.1772742, -0.003507811, -0.004458943 
4.319997, 35.3054, 3.217187, 4545.991, 1643.374, 3590.705, 100.6535, -0.007042447, -0.003279104, -0.002241362, 0.008779422, -0.2274476, -0.1742231, -0.003511745, -0.004473111 
4.339997, 35.13487, 3.216004, 4545.997, 1643.073, 3588.216, 103.9008, -0.007059842, -0.003290473, -0.002255216, 0.008813653, -0.2252491, -0.1711542, -0.003514576, -0.004485726 
4.359997, 34.96571, 3.214827, 4546.003, 1642.902, 3585.833, 107.1987, -0.00707747, -0.003302032, -0.002269649, 0.00884838, -0.2230444, -0.1680676, -0.003519147, -0.00450055 
4.379997, 34.79797, 3.213693, 4546.01, 1642.703, 3583.354, 110.5632, -0.007094617, -0.003313467, -0.002282938, 0.008882944, -0.220832, -0.1649637, -0.003522506, -0.004513958 
4.399997, 34.63161, 3.212529, 4546.015, 1642.375, 3580.749, 113.6769, -0.007112617, -0.003324875, -0.002298448, 0.008916448, -0.2186127, -0.161842, -0.003527303, -0.004529232 
4.419997, 34.46669, 3.211396, 4546.021, 1642.264, 3578.328, 116.9006, -0.007130939, -0.003336904, -0.002312995, 0.00895077, -0.2163852, -0.158701, -0.00353087, -0.004543574 
4.439997, 34.30319, 3.210236, 4546.026, 1641.922, 3575.618, 120.0057, -0.007148587, -0.003348262, -0.002328221, 0.008984569, -0.2141525, -0.1555451, -0.003536153, -0.004559583 
4.459997, 34.14114, 3.209073, 4546.033, 1641.998, 3573.292, 123.3467, -0.007166725, -0.003360889, -0.002343576, 0.009018836, -0.2119121, -0.1523701, -0.003540401, -0.004574466 
4.479997, 33.98054, 3.207885, 4546.038, 1641.71, 3570.491, 126.3513, -0.007185175, -0.003372294, -0.002359245, 0.009051531, -0.2096664, -0.1491791, -0.003545405, -0.004590068 
4.499997, 33.82139, 3.206704, 4546.044, 1641.641, 3567.951, 129.5975, -0.007203015, -0.003384208, -0.002375417, 0.009085475, -0.2074136, -0.1459707, -0.003551043, -0.004607205 
4.519997, 33.66371, 3.205517, 4546.05, 1641.52, 3565.268, 132.6249, -0.007221168, -0.0033962, -0.002391064, 0.009117803, -0.2051567, -0.142748, -0.003556129, -0.004623089 
4.539997, 33.50752, 3.204318, 4546.056, 1641.328, 3562.748, 135.7501, -0.007239807, -0.003408263, -0.002407402, 0.009150334, -0.2028945, -0.1395094, -0.003561444, -0.004640075 
4.559997, 33.35278, 3.203095, 4546.063, 1641.574, 3560.52, 139.2058, -0.007258195, -0.003420288, -0.002424717, 0.009183302, -0.2006265, -0.1362548, -0.003567827, -0.004657657 
4.579997, 33.19957, 3.201879, 4546.067, 1641.383, 3557.71, 142.0953, -0.007276342, -0.003432831, -0.002440937, 0.009214476, -0.1983551, -0.1329869, -0.003572835, -0.00467446 
4.599997, 33.04785, 3.200625, 4546.074, 1641.572, 3555.503, 145.4108, -0.007295319, -0.003444215, -0.002458991, 0.009247351, -0.1960773, -0.1297015, -0.003580361, -0.00469424 
4.619997, 32.89763, 3.199387, 4546.079, 1641.606, 3552.97, 148.4608, -0.007313224, -0.003457007, -0.002475559, 0.00927798, -0.1937979, -0.1264053, -0.003585705, -0.004711733 
4.639997, 32.74894, 3.198133, 4546.085, 1641.456, 3550.2, 151.3852, -0.007332067, -0.003468968, -0.0024934, 0.00930983, -0.191514, -0.1230949, -0.003592411, -0.004730438 
4.659997, 32.60177, 3.196888, 4546.09, 1641.327, 3547.566, 154.193, -0.0073499, -0.003480993, -0.002510986, 0.009341238, -0.1892281, -0.1197731, -0.003599729, -0.004749347 
4.679996, 32.45615, 3.195645, 4546.096, 1641.291, 3545.017, 157.1617, -0.007368306, -0.003493757, -0.002528503, 0.009371032, -0.1869394, -0.1164393, -0.003605904, -0.004768069 
4.699996, 32.31207, 3.194398, 4546.102, 1641.263, 3542.604, 160.1665, -0.007386715, -0.003505901, -0.002546823, 0.009401125, -0.1846491, -0.1130943, -0.003613261, -0.004788186 
4.719996, 32.16954, 3.193173, 4546.107, 1641.347, 3540.216, 163.2921, -0.007404941, -0.003517988, -0.002565563, 0.00943188, -0.1823573, -0.1097386, -0.003620573, -0.004807832 
4.739996, 32.02858, 3.191966, 4546.113, 1641.283, 3537.805, 166.1792, -0.007422991, -0.003530475, -0.002583549, 0.009460779, -0.1800656, -0.1063757, -0.003627659, -0.004827779 
4.759996, 31.8892, 3.190751, 4546.119, 1641.493, 3535.47, 169.2491, -0.007441135, -0.003542442, -0.002602834, 0.009489755, -0.1777749, -0.1030049, -0.003636922, -0.004850297 
4.779996, 31.75139, 3.189566, 4546.124, 1641.416, 3533.024, 172.2153, -0.007458902, -0.003554574, -0.002621359, 0.009518242, -0.1754837, -0.09962496, -0.003644316, -0.004870648 
4.799996, 31.61517, 3.188396, 4546.129, 1641.2, 3530.44, 174.8461, -0.007477227, -0.003566521, -0.002640002, 0.009547601, -0.1731928, -0.09623732, -0.003652553, -0.004892314 
4.819996, 31.48055, 3.187248, 4546.135, 1641.198, 3528.124, 177.8279, -0.00749479, -0.003577934, -0.002660151, 0.009575196, -0.1709046, -0.09284483, -0.003663215, -0.00491698 
4.839996, 31.34752, 3.186123, 4546.14, 1641.021, 3525.658, 180.4813, -0.007512543, -0.003589736, -0.002678835, 0.009603456, -0.1686176, -0.08944739, -0.003671049, -0.004938247 
4.859996, 31.2161, 3.185007, 4546.145, 1641.057, 3523.293, 183.3742, -0.00753028, -0.003602047, -0.002698427, 0.009630541, -0.1663333, -0.08604486, -0.00368059, -0.004961318 
4.879996, 31.0863, 3.183912, 4546.15, 1640.975, 3520.975, 186.2691, -0.007548003, -0.003613695, -0.002718539, 0.009657827, -0.1640521, -0.08263825, -0.003689862, -0.004984937 
4.899996, 30.95812, 3.182854, 4546.155, 1641.019, 3518.661, 188.9863, -0.007565338, -0.003625025, -0.002738266, 0.009684087, -0.1617759, -0.07923106, -0.003700135, -0.005009276 
4.919996, 30.83156, 3.181826, 4546.161, 1640.916, 3516.435, 191.8253, -0.007583132, -0.003637035, -0.002758608, 0.009710066, -0.159503, -0.07582118, -0.003710042, -0.005032874 
4.939996, 30.70662, 3.180782, 4546.166, 1640.803, 3513.989, 194.483, -0.007600142, -0.003648369, -0.002778862, 0.009735895, -0.157235, -0.0724098, -0.003720637, -0.005058496 
4.959996, 30.58334, 3.179779, 4546.17, 1640.659, 3511.605, 197.0815, -0.00761781, -0.003660089, -0.002799228, 0.009761427, -0.1549719, -0.06899854, -0.003730867, -0.005082765 
4.979996, 30.46167, 3.178788, 4546.176, 1640.589, 3509.412, 199.868, -0.00763516, -0.003671774, -0.002819191, 0.009786172, -0.1527153, -0.06558862, -0.003740631, -0.005107807 
4.999996, 30.34165, 3.177824, 4546.18, 1640.458, 3507.117, 202.4745, -0.007651812, -0.003682827, -0.002840078, 0.009811061, -0.150465, -0.0621801, -0.003752656, -0.005134432 
5.019996, 30.22329, 3.176872, 4546.185, 1640.374, 3505.003, 205.2347, -0.007669315, -0.003694142, -0.002860557, 0.009835343, -0.1482217, -0.05877463, -0.003763573, -0.005160766 
5.039996, 30.10655, 3.17594, 4546.19, 1640.343, 3502.696, 207.8254, -0.007686308, -0.003705476, -0.002881652, 0.009859072, -0.1459861, -0.05537241, -0.003774672, -0.005186384 
5.059996, 29.99148, 3.175035, 4546.195, 1640.335, 3500.601, 210.4451, -0.007703279, -0.003716649, -0.002902336, 0.009882303, -0.1437582, -0.05197472, -0.003785911, -0.005212732 
5.079996, 29.87805, 3.174138, 4546.199, 1640.204, 3498.28, 213.0099, -0.007720017, -0.003727895, -0.002923424, 0.009904669, -0.1415392, -0.04858269, -0.003797329, -0.005239745 
5.099996, 29.76629, 3.173249, 4546.204, 1640.233, 3496.226, 215.7278, -0.007736531, -0.003738608, -0.002944923, 0.00992813, -0.1393294, -0.04519683, -0.003810526, -0.005269152 
5.119996, 29.65619, 3.172399, 4546.208, 1640.154, 3494.119, 218.2594, -0.007753307, -0.003749512, -0.0029661, 0.009950091, -0.1371291, -0.04181797, -0.003822055, -0.005296262 
5.139996, 29.54774, 3.171549, 4546.213, 1639.898, 3491.762, 220.7326, -0.007769947, -0.003760425, -0.002987892, 0.009971565, -0.134939, -0.03844753, -0.003835062, -0.005325194 
5.159996, 29.44093, 3.170706, 4546.218, 1640.028, 3489.927, 223.3951, -0.007786653, -0.003771162, -0.003009672, 0.009992532, -0.1327597, -0.03508586, -0.003847264, -0.005353108 
5.179996, 29.33581, 3.169906, 4546.221, 1639.792, 3487.57, 225.6583, -0.00780274, -0.003781534, -0.003030912, 0.01001339, -0.1305921, -0.03173491, -0.003860482, -0.005382522 
5.199996, 29.23233, 3.169096, 4546.225, 1639.8, 3485.502, 228.2053, -0.007818779, -0.003790849, -0.00305276, 0.01003427, -0.128436, -0.02839455, -0.003875073, -0.005413444 
5.219996, 29.1305, 3.168313, 4546.229, 1639.702, 3483.366, 230.5591, -0.007834985, -0.003802335, -0.003074695, 0.01005447, -0.1262922, -0.02506624, -0.003887593, -0.005442593 
5.239996, 29.03034, 3.167529, 4546.233, 1639.619, 3481.273, 232.9926, -0.007850559, -0.003812206, -0.003096396, 0.01007419, -0.1241606, -0.02174995, -0.003900368, -0.005471522 
5.259996, 28.93182, 3.16679, 4546.238, 1639.543, 3479.287, 235.4265, -0.007867276, -0.00382332, -0.003118065, 0.01009199, -0.1220428, -0.01844803, -0.003913201, -0.005500753 
5.279996, 28.83496, 3.166053, 4546.243, 1639.507, 3477.311, 237.7641, -0.007882375, -0.003833682, -0.003139811, 0.01010997, -0.11994, -0.01516331, -0.003927275, -0.005530888 
5.299996, 28.73975, 3.165336, 4546.246, 1639.223, 3475.141, 239.9446, -0.007898223, -0.003843532, -0.003161843, 0.01012842, -0.1178503, -0.01189143, -0.003940884, -0.005561607 
5.319996, 28.64327, 3.165215, 4546.25, 1639.173, 3473.109, 242.3004, -0.007913342, -0.003852999, -0.003183734, 0.01014626, -0.115777, -0.00863782, -0.003955847, -0.0055936 
5.339996, 28.55509, 3.164518, 4546.251, 1635.739, 3472.465, 241.4071, -0.007916871, -0.003920688, -0.003171978, 0.01015212, -0.1134322, -0.004974885, -0.003889779, -0.005521485 
5.359996, 28.47348, 3.161762, 4546.255, 1635.103, 3473.022, 239.3499, -0.008616379, -0.003938301, -0.003349945, 0.01102655, -0.1107867, -0.0007673498, -0.003976324, -0.005651812 
5.379996, 28.39594, 3.156412, 4546.269, 1647.483, 3465.827, 254.9502, -0.008285519, -0.003767578, -0.003387593, 0.01058999, -0.1101305, 0.0003130731, -0.004186978, -0.005932381 
5.399996, 28.3211, 3.148006, 4546.286, 1664.502, 3455.831, 274.3377, -0.007895923, -0.003570115, -0.003415394, 0.0101135, -0.1099285, 0.0006617175, -0.004382806, -0.006190694 
5.419996, 28.24796, 3.136325, 4546.313, 1684.973, 3445.492, 295.2625, -0.007547815, -0.003386021, -0.003444062, 0.00971431, -0.1098668, 0.0007730298, -0.004542158, -0.006399116 
5.439996, 28.17602, 3.121335, 4546.346, 1707.622, 3434.737, 316.5115, -0.007240754, -0.003212569, -0.003478577, 0.009381728, -0.1098599, 0.0007933762, -0.004691781, -0.006594764 
5.459996, 28.10495, 3.103227, 4546.382, 1731.543, 3423.478, 337.1918, -0.006960182, -0.003050317, -0.00351558, 0.009088993, -0.1098728, 0.0007772078, -0.004831815, -0.006776677 
5.479996, 28.03454, 3.082286, 4546.425, 1756.599, 3412.376, 357.374, -0.006697998, -0.002904398, -0.003549495, 0.008816256, -0.1098866, 0.000752962, -0.004951047, -0.006931724 
5.499996, 27.96469, 3.058869, 4546.471, 1782.339, 3401.499, 377.051, -0.006449527, -0.002769144, -0.003582809, 0.008561532, -0.1098944, 0.0007346857, -0.005062867, -0.007076774 
5.519996, 27.8953, 3.033429, 4546.519, 1807.917, 3390.334, 395.3065, -0.006217301, -0.002639528, -0.003616934, 0.008329561, -0.1098888, 0.0007393276, -0.005177758, -0.007225826 
5.539996, 27.8263, 3.006398, 4546.57, 1833.603, 3379.824, 412.9266, -0.006008088, -0.002517821, -0.003651871, 0.00812783, -0.1098594, 0.0007821777, -0.00529528, -0.007378527 
5.559996, 27.75775, 2.978353, 4546.62, 1859.168, 3368.772, 429.7249, -0.005365304, -0.00229862, -0.003650074, 0.007792342, -0.1098587, 0.0008284638, -0.005548934, -0.007711467 
5.579996, 27.68942, 2.949721, 4546.672, 1883.734, 3358.832, 446.1035, -0.005107766, -0.00218268, -0.003666948, 0.007504175, -0.1099031, 0.0007548193, -0.005667148, -0.007864152 
5.599996, 27.62132, 2.920822, 4546.725, 1906.78, 3349.506, 460.6512, -0.004887261, -0.002099874, -0.003672272, 0.007237802, -0.109934, 0.0006846018, -0.00573632, -0.007952872 
5.619996, 27.55341, 2.89209, 4546.776, 1928.51, 3341.472, 473.8536, -0.004690287, -0.002041064, -0.003668401, 0.006982658, -0.1099525, 0.0006235722, -0.005774201, -0.008000116 
5.639996, 27.48508, 2.863446, 4546.825, 1944.334, 3338.41, 480.8006, -0.004483184, -0.002362187, -0.003452452, 0.006514283, -0.1097555, 0.0007047124, -0.005250462, -0.007308303 
5.659996, 27.41746, 2.835586, 4546.872, 1962.786, 3333.437, 490.611, -0.004335115, -0.002325641, -0.003448789, 0.006285182, -0.1097549, 0.0006658048, -0.005265976, -0.007326217 
5.679996, 27.34998, 2.808834, 4546.917, 1979.315, 3328.624, 499.5051, -0.004211769, -0.002302372, -0.003438189, 0.00609802, -0.109743, 0.00063914, -0.005263457, -0.007321014 
5.699996, 27.28255, 2.783477, 4546.96, 1994.331, 3324.621, 507.8299, -0.004103871, -0.002284139, -0.003423223, 0.005933208, -0.1097237, 0.0006213062, -0.005251971, -0.007303174 
5.719995, 27.21517, 2.759661, 4547, 2007.591, 3321.433, 515.0992, -0.004008611, -0.002272052, -0.003407814, 0.005783422, -0.1096979, 0.0006123313, -0.005234586, -0.007278548 
5.739995, 27.14783, 2.737512, 4547.036, 2019.229, 3318.676, 521.5458, -0.003924944, -0.002263166, -0.003390845, 0.005646829, -0.1096675, 0.0006094929, -0.005214473, -0.007249483 
5.759995, 27.08051, 2.717117, 4547.069, 2029.353, 3316.737, 527.3828, -0.003850017, -0.002258975, -0.003370726, 0.005522776, -0.1096309, 0.0006137975, -0.005187878, -0.007212885 
5.779995, 27.01322, 2.698467, 4547.1, 2038.265, 3315.304, 532.5692, -0.003783168, -0.002257045, -0.003350056, 0.005409003, -0.1095915, 0.0006228815, -0.005159392, -0.007173739 
5.799995, 26.94597, 2.681558, 4547.129, 2045.897, 3314.39, 537.3122, -0.003723721, -0.002258267, -0.003328381, 0.005305602, -0.1095478, 0.0006381596, -0.005128678, -0.007131445 
5.819995, 26.87875, 2.666292, 4547.152, 2052.49, 3313.834, 541.6495, -0.003669725, -0.002260985, -0.003305929, 0.005210342, -0.1095019, 0.0006560117, -0.005096703, -0.007087521 
5.839995, 26.81156, 2.652603, 4547.175, 2058.149, 3313.221, 545.5594, -0.003619951, -0.002266495, -0.003282247, 0.005120284, -0.1094535, 0.0006777564, -0.005062038, -0.007040412 
5.859995, 26.74441, 2.640334, 4547.196, 2062.96, 3312.802, 549.129, -0.003574428, -0.002272723, -0.003258582, 0.005035933, -0.1094022, 0.0007027374, -0.00502589, -0.006991209 
5.879995, 26.67731, 2.629381, 4547.215, 2067.567, 3312.635, 552.9008, -0.003531914, -0.002280491, -0.003234827, 0.004956177, -0.1093495, 0.0007299666, -0.004989439, -0.00694186 
5.899995, 26.61026, 2.619513, 4547.231, 2071.482, 3312.2, 556.3243, -0.00349296, -0.002290147, -0.003211213, 0.0048773, -0.1092949, 0.0007594279, -0.004950805, -0.006889414 
5.919995, 26.54328, 2.610598, 4547.246, 2075.383, 3311.805, 559.9429, -0.003455132, -0.002299734, -0.003187854, 0.004800961, -0.1092391, 0.0007909886, -0.004912293, -0.006837718 
5.939995, 26.47636, 2.602418, 4547.26, 2079.14, 3311.071, 563.5187, -0.003419936, -0.00231191, -0.003164635, 0.004724344, -0.1091818, 0.000824063, -0.004871264, -0.006782287 
5.959995, 26.40951, 2.594834, 4547.274, 2083.015, 3310.21, 567.2259, -0.003386205, -0.002324981, -0.003142136, 0.004646116, -0.1091232, 0.000858811, -0.004829307, -0.006725986 
5.979995, 26.34275, 2.587629, 4547.287, 2087.002, 3308.969, 570.9761, -0.003353192, -0.002337103, -0.003119895, 0.004567441, -0.1090643, 0.0008939541, -0.004787735, -0.006670607 
5.999995, 26.2761, 2.580629, 4547.298, 2091.205, 3307.325, 574.7743, -0.003321654, -0.002351152, -0.003099076, 0.004486723, -0.1090038, 0.0009305452, -0.004744695, -0.006611809 
6.019995, 26.20954, 2.57371, 4547.31, 2095.836, 3305.4, 578.8897, -0.003290079, -0.002364658, -0.003078983, 0.004403549, -0.1089427, 0.0009675396, -0.00470132, -0.006553671 
6.039995, 26.14309, 2.566702, 4547.322, 2100.951, 3303.149, 583.2983, -0.003258897, -0.002378238, -0.003059735, 0.00431837, -0.1088816, 0.00100515, -0.004657812, -0.006495571 
6.059995, 26.07676, 2.559477, 4547.334, 2106.543, 3300.636, 587.8171, -0.003227345, -0.00239168, -0.00304169, 0.004228932, -0.1088199, 0.00104226, -0.00461283, -0.006435678 
6.079995, 26.01055, 2.551962, 4547.348, 2112.771, 3297.893, 592.8585, -0.003195303, -0.00240331, -0.003025909, 0.004136551, -0.1087598, 0.001078591, -0.004571471, -0.006379992 
6.099995, 25.9411, 2.541407, 4547.36, 2107.909, 3306.547, 584.1592, -0.003063193, -0.003639898, -0.00230863, 0.003282642, -0.1079989, 0.001556816, -0.002660924, -0.003873056 
6.119995, 25.87902, 2.533151, 4547.372, 2129.421, 3292.559, 601.8562, -0.003181396, -0.00210022, -0.003209699, 0.004043798, -0.1088187, 0.001057397, -0.005033361, -0.006984209 
6.139995, 25.80921, 2.52173, 4547.39, 2123.032, 3300.67, 594.3555, -0.002990454, -0.003695128, -0.002263919, 0.003094879, -0.1078713, 0.001618469, -0.002521393, -0.003687751 
6.159995, 25.74743, 2.512774, 4547.402, 2145.75, 3285.909, 612.9279, -0.0030885, -0.002102669, -0.003188209, 0.00384526, -0.1087301, 0.001090113, -0.004986299, -0.006919586 
6.179995, 25.67766, 2.500596, 4547.423, 2139.671, 3293.72, 605.8649, -0.002902084, -0.003715885, -0.002234545, 0.002886045, -0.1077612, 0.001665859, -0.002424255, -0.003558572 
6.199995, 25.61607, 2.490773, 4547.435, 2161.252, 3280.605, 621.978, -0.003107933, -0.002198266, -0.003135127, 0.003611502, -0.1083855, 0.001469365, -0.00477271, -0.006638012 
6.219995, 25.54652, 2.477587, 4547.454, 2155.549, 3288.34, 614.94, -0.002925385, -0.003791611, -0.002195433, 0.002655673, -0.1074152, 0.002050832, -0.002221744, -0.00329162 
6.239995, 25.48538, 2.467085, 4547.469, 2178.732, 3273.811, 632.9728, -0.003115827, -0.002226922, -0.003124372, 0.003454863, -0.1082265, 0.00160265, -0.004698134, -0.006537161 
6.259995, 25.41603, 2.453341, 4547.49, 2173.824, 3281.349, 626.9498, -0.002940524, -0.003802509, -0.002196378, 0.002536614, -0.1072611, 0.002177001, -0.002150082, -0.003195365 
6.279995, 25.35507, 2.442349, 4547.505, 2196.923, 3267.192, 645.014, -0.003121498, -0.002271472, -0.003102492, 0.003307804, -0.1080645, 0.001728827, -0.004592453, -0.006395887 
6.299995, 25.28599, 2.428238, 4547.527, 2192.468, 3274.182, 639.4519, -0.002959798, -0.003793119, -0.002207894, 0.002433192, -0.1071189, 0.00229346, -0.002105622, -0.003134934 
6.319995, 25.22515, 2.416899, 4547.543, 2215.156, 3260.593, 657.0536, -0.003123216, -0.002323356, -0.003075515, 0.003157271, -0.1079036, 0.001849169, -0.004475744, -0.006239637 
6.339995, 25.15642, 2.402626, 4547.564, 2211.417, 3267.069, 652.1906, -0.002978643, -0.003762205, -0.002230691, 0.002343841, -0.1069935, 0.002394688, -0.002094201, -0.003117302 
6.359995, 25.09202, 2.388253, 4547.581, 2221.717, 3266.122, 655.3379, -0.003016916, -0.0036722, -0.002311649, 0.002219246, -0.1070149, 0.002427217, -0.002416812, -0.003539064 
6.379995, 25.02749, 2.373908, 4547.6, 2231.053, 3263.637, 660.8106, -0.003020849, -0.003695094, -0.002301494, 0.00216253, -0.1069457, 0.002473241, -0.002371877, -0.003478431 
6.399995, 24.96293, 2.359733, 4547.619, 2240.167, 3260.961, 666.4376, -0.003022739, -0.00370826, -0.002295455, 0.002113012, -0.1068796, 0.002517221, -0.002334381, -0.00342767 
6.419995, 24.89836, 2.345803, 4547.639, 2249.176, 3258.682, 672.4073, -0.003021208, -0.00372777, -0.002284147, 0.002054448, -0.1068101, 0.002561511, -0.002283204, -0.003359618 
6.439995, 24.83383, 2.332173, 4547.658, 2257.678, 3256.069, 677.9443, -0.003017373, -0.003742799, -0.002274562, 0.001993649, -0.1067441, 0.002602467, -0.002239502, -0.003300809 
6.459995, 24.76934, 2.318886, 4547.677, 2266.028, 3254.027, 683.6257, -0.003012023, -0.00375775, -0.002264181, 0.001930846, -0.1066796, 0.002640752, -0.002194723, -0.003240553 
6.479995, 24.70492, 2.305964, 4547.694, 2273.698, 3251.294, 688.8211, -0.003004917, -0.003769122, -0.002255168, 0.001869227, -0.1066184, 0.002675868, -0.002154791, -0.003187157 
6.499995, 24.64056, 2.293431, 4547.713, 2281.524, 3249.198, 694.3832, -0.002995811, -0.00377945, -0.00224598, 0.001806857, -0.1065597, 0.002707113, -0.002116713, -0.003135517 
6.519995, 24.57628, 2.281254, 4547.729, 2288.851, 3246.674, 699.6089, -0.002985966, -0.003783453, -0.002239111, 0.001748564, -0.1065053, 0.002734477, -0.002087431, -0.00309593 
6.539995, 24.51206, 2.26949, 4547.746, 2296.278, 3244.533, 705.2287, -0.002973985, -0.003787987, -0.002232332, 0.001689281, -0.1064527, 0.002758786, -0.002056162, -0.00305349 
6.559995, 24.44792, 2.258046, 4547.762, 2303.214, 3241.86, 710.225, -0.002960551, -0.00378621, -0.002228023, 0.001633092, -0.1064044, 0.002778704, -0.00203315, -0.003022073 
6.579995, 24.38386, 2.246962, 4547.778, 2310.423, 3239.635, 715.7899, -0.002946117, -0.003780732, -0.002225452, 0.001578655, -0.1063598, 0.002794488, -0.002016009, -0.002998395 
6.599995, 24.31988, 2.236187, 4547.793, 2317.313, 3236.907, 721.207, -0.002930445, -0.003768859, -0.002225704, 0.001526929, -0.1063199, 0.00280584, -0.002006419, -0.002984107 
6.619995, 24.25601, 2.225677, 4547.807, 2324.335, 3234.176, 726.6829, -0.002913641, -0.003748762, -0.002231074, 0.001479821, -0.1062861, 0.002811111, -0.002007896, -0.002985123 
6.639995, 24.19223, 2.215458, 4547.821, 2331.462, 3231.196, 732.3896, -0.002895225, -0.003719626, -0.002240461, 0.001437112, -0.106258, 0.002810916, -0.002020332, -0.002999388 
6.659995, 24.12856, 2.20546, 4547.835, 2338.523, 3227.938, 738.1831, -0.002876953, -0.003678475, -0.002256567, 0.001401254, -0.1062371, 0.002804873, -0.002047028, -0.003033026 
6.679995, 24.07088, 2.20012, 4547.848, 2363.965, 3204.913, 765.7941, -0.00312217, -0.00142928, -0.003520563, 0.00282095, -0.1073565, 0.00212166, -0.005224278, -0.007190044 
6.699995, 24.00959, 2.196306, 4547.859, 2380.738, 3183.891, 790.6227, -0.003623624, 0.0002509193, -0.004469498, 0.004527306, -0.1076775, 0.002091458, -0.006678944, -0.009098247 
6.719995, 23.94073, 2.187077, 4547.864, 2364.674, 3200.129, 774.1995, -0.003510076, -0.001750254, -0.003344064, 0.003492031, -0.1061715, 0.002980218, -0.00263777, -0.003802335 
6.739995, 23.88103, 2.18084, 4547.881, 2400.326, 3171.562, 808.3109, -0.003422065, 0.000720387, -0.004717946, 0.00434611, -0.108083, 0.001700571, -0.007659865, -0.0103814 
6.759995, 23.81617, 2.171009, 4547.887, 2383.642, 3189.406, 789.3001, -0.003381185, -0.001416657, -0.003505423, 0.003291838, -0.106398, 0.002736412, -0.003237837, -0.00458387 
6.779994, 23.7583, 2.164422, 4547.905, 2415.858, 3162.896, 821.0847, -0.003366775, 0.0006742643, -0.004676445, 0.004178164, -0.1079295, 0.001730429, -0.007339191, -0.009955558 
6.799994, 23.69023, 2.15177, 4547.914, 2397.869, 3182.15, 800.7661, -0.00333017, -0.001825269, -0.003282658, 0.00299757, -0.1060091, 0.002935937, -0.002349832, -0.003420219 
6.819994, 23.63186, 2.14252, 4547.933, 2438.175, 3150.705, 837.5969, -0.003263641, 0.0009656998, -0.004828801, 0.004045965, -0.1081246, 0.001518542, -0.007891322, -0.01067578 
6.839994, 23.56703, 2.129216, 4547.941, 2419.883, 3171.462, 815.5528, -0.003218488, -0.001557087, -0.00341743, 0.002821047, -0.106189, 0.002724464, -0.002839204, -0.004056253 
6.859994, 23.50859, 2.119063, 4547.962, 2456.73, 3142.121, 850.5792, -0.003212129, 0.000899939, -0.004783575, 0.003876628, -0.1079719, 0.00154742, -0.007576037, -0.01025704 
6.879994, 23.44295, 2.104349, 4547.972, 2438.208, 3163.306, 827.976, -0.003141216, -0.001712756, -0.003330761, 0.002570689, -0.1060209, 0.002759421, -0.002474503, -0.003576666 
6.899994, 23.38521, 2.093456, 4547.992, 2478.203, 3131.72, 865.5436, -0.00313147, 0.001075994, -0.004870382, 0.003746587, -0.1080482, 0.001419366, -0.007836594, -0.01059418 
6.919994, 23.31959, 2.078014, 4548.003, 2457.728, 3155.451, 841.0932, -0.003061177, -0.001774231, -0.003291763, 0.002340308, -0.1059281, 0.002743105, -0.002301861, -0.003347606 
6.939994, 23.26233, 2.066843, 4548.025, 2498.841, 3122.984, 879.8712, -0.003063187, 0.001185384, -0.004921361, 0.003609052, -0.1080595, 0.001339753, -0.007948142, -0.01073548 
6.959994, 23.19649, 2.05096, 4548.036, 2476.143, 3148.553, 853.3711, -0.002987697, -0.001867171, -0.003236395, 0.002109314, -0.1058061, 0.002750996, -0.002069119, -0.003040379 
6.979994, 23.13975, 2.039898, 4548.057, 2518.661, 3114.785, 893.6628, -0.003004062, 0.001314365, -0.00498329, 0.003488926, -0.1080793, 0.001263431, -0.008107316, -0.01093906 
6.999994, 23.07376, 2.023975, 4548.068, 2493.585, 3142.47, 865.2744, -0.002916789, -0.001952025, -0.003182715, 0.001888682, -0.1056869, 0.002760309, -0.001853745, -0.002755963 
7.019994, 23.01743, 2.013319, 4548.089, 2537.574, 3107.568, 907.3928, -0.002924953, 0.001451772, -0.005041657, 0.003364209, -0.1081195, 0.00115795, -0.00827452, -0.01115286 
7.039994, 22.95131, 1.99774, 4548.098, 2509.933, 3136.839, 876.722, -0.002818076, -0.002016833, -0.003131648, 0.001655841, -0.1056041, 0.002722773, -0.001669304, -0.002511732 
7.059994, 22.89532, 1.987772, 4548.118, 2554.911, 3100.67, 920.357, -0.002814736, 0.001592531, -0.005093719, 0.003218499, -0.1081842, 0.001011436, -0.008437864, -0.01136126 
7.079994, 22.82909, 1.972802, 4548.127, 2525.048, 3131.672, 888.0566, -0.002686361, -0.002063902, -0.003080383, 0.001404793, -0.1055577, 0.002635989, -0.001510365, -0.002301292 
7.099994, 22.77338, 1.96369, 4548.146, 2570.906, 3094.254, 932.9722, -0.002674991, 0.001739233, -0.005137803, 0.003054335, -0.108271, 0.0008283475, -0.008599668, -0.01156751 
7.119994, 22.70708, 1.949471, 4548.154, 2539.055, 3126.769, 899.1121, -0.002523759, -0.002096699, -0.003027529, 0.001133619, -0.1055448, 0.002501831, -0.001371223, -0.002116694 
7.139994, 22.65165, 1.941301, 4548.174, 2585.877, 3088.331, 945.573, -0.002511837, 0.001887835, -0.0051784, 0.002873485, -0.108376, 0.0006155799, -0.008759859, -0.01177109 
7.159994, 22.5853, 1.927889, 4548.179, 2552.045, 3121.952, 910.0042, -0.002339012, -0.002113817, -0.00297775, 0.000850121, -0.1055612, 0.002330786, -0.001257047, -0.001963951 
7.179994, 22.53014, 1.920633, 4548.197, 2599.468, 3082.334, 957.413, -0.002337428, 0.002030682, -0.005211414, 0.002683544, -0.1084833, 0.0003930319, -0.008904376, -0.01195414 
7.199994, 21.85761, 1.739165, 4548.453, 3240.436, 2361.347, 1442.51, -0.9848624, -0.9812583, -0.9848624, -0.9812583, 0.2601178, 0.3098581, -0.008801871, -0.01079467 
7.219994, 20.87761, 1.365016, 3897.282, 3827.761, 1677.598, 1640.893, -0.9836448, -0.9806857, -0.9836448, -0.9806857, 0.2115931, 0.242895, -0.002204858, -0.00267607 
7.239994, 19.84783, 0.8344254, 3756.319, 4449.365, 985.1704, 1848.668, -0.9823708, -0.9800696, -0.9823708, -0.9800696, 0.1597218, 0.176984, -0.0008781984, -0.001043446 
7.259994, 18.79796, 0.1927745, 3622.224, 5058.568, 310.4373, 2051.505, -0.980955, -0.9793504, -0.980955, -0.9793504, 0.1060808, 0.1135382, -0.001372899, -0.001487628 
7.279994, 17.73222, -0.5258789, 3511.918, 5146.801, -321.2053, 2235.463, -0.9793347, -0.9785205, -0.9793347, -0.9785213, 0.05085377, 0.0524214, -0.001025394, -0.001049687 
7.299994, 16.75406, -0.2510986, 3502.525, 4482.313, -962.5518, 2492.589, -0.9776719, -0.9775878, -0.9776719, -0.9776131, -0.0002771095, -0.00311524, -0.003832262, -0.003838392 
7.319994, 15.69027, -0.250824, 3800.998, 4482.586, -227.8524, 1646.809, -0.9764014, -0.9763426, -0.9764014, -0.9763523, 0.01894144, 0.01816184, 0.016155, 0.01618363 
7.339994, 14.73143, -0.2640076, 3655.586, 4482.521, -154.4542, 1498.699, -0.9752694, -0.9751126, -0.9752694, -0.9751183, 0.001146425, 0.0005907252, -0.00693564, -0.006967847 
7.359994, 13.78623, -0.2795715, 3806.956, 4482.387, 1.799438, 1223.956, -0.9735872, -0.9734772, -0.9735872, -0.9734824, 0.01536628, 0.01506661, 0.01017184, 0.01020598 
7.379994, 12.87905, -0.2752075, 3902.262, 4482.28, 118.3206, 1051.699, -0.971961, -0.9715871, -0.971961, -0.9715915, 0.02611495, 0.02617749, 0.009224691, 0.009326211 
7.399994, 11.98185, -0.2455444, 3992.583, 4482.166, 198.1334, 947.1957, -0.9697329, -0.9697478, -0.9697329, -0.9697519, 0.01517718, 0.01501967, 0.01597593, 0.01596786 
7.419994, 11.06309, -0.1512451, 3999.438, 4482.06, 144.2626, 973.1713, -0.9672259, -0.9670845, -0.9672259, -0.9670889, -0.009944497, -0.01017374, -0.01517679, -0.01522454 
7.439994, 10.1333, -0.05273438, 4273.191, 4481.92, 356.9461, 762.3672, -0.9641864, -0.9641057, -0.9641864, -0.9641109, 0.01677357, 0.0167225, 0.01418285, 0.01420586 
7.459994, 9.190592, -0.0005755347, 4546.874, 4481.807, 304.5477, 837.4404, -0.9599285, -0.9610497, -0.9599292, -0.961055, -0.04560325, -0.04480195, -0.01103801, -0.01081143 
7.479994, 8.277769, -0.0007783244, 4546.81, 4481.744, 543.9126, 662.7218, -0.9563895, -0.9562488, -0.9563925, -0.9562541, 0.01470508, 0.01472676, 0.01102398, 0.01104921 
7.499994, 7.344212, -3.559699E-05, 4546.816, 4481.75, 681.4396, 588.7985, -0.9514065, -0.9501793, -0.95141, -0.9501837, 0.03474571, 0.03535612, 0.0068626, 0.006982549 
7.519994, 6.405934, 0.001593621, 4546.845, 4481.778, 642.1997, 707.541, -0.9441429, -0.9435912, -0.9441469, -0.9435939, -0.01937845, -0.01949544, -0.02996031, -0.03015722 
7.539994, 5.494968, -0.0001411022, 4546.894, 4481.826, 792.4181, 656.9675, -0.9354924, -0.9349221, -0.9354947, -0.9349243, 0.02330292, 0.02343177, 0.01425631, 0.0143358 
7.559994, 4.556484, -0.0001263485, 4546.945, 4481.878, 940.2242, 581.9197, -0.9237844, -0.9204522, -0.9237872, -0.9204529, 0.07226618, 0.07403871, 0.03184526, 0.03265526 
7.579994, 3.625281, 0.001570239, 4547.004, 4481.936, 774.1477, 829.0862, -0.9042975, -0.9025937, -0.9042992, -0.9025938, -0.03143388, -0.03171381, -0.04669799, -0.04714118 
7.599994, 2.694049, 0.0001174714, 4547.067, 4481.998, 894.4113, 785.8688, -0.8744296, -0.8706564, -0.8744297, -0.8706566, 0.0274662, 0.02784913, 0.0051873, 0.005259394 
7.619994, 1.756043, 0.001448853, 4547.131, 4209.403, 853.313, 890.0484, -0.8140488, -0.8060846, -0.8140487, -0.8060846, -0.03504832, -0.03559208, -0.05998366, -0.06091778 
7.639994, 0.9658568, -9.72644E-05, 4256.705, 4119.491, 935.8561, 834.8164, 0, 0, 0, 0, 0.02494498, 0.0251452, 0.01199044, 0.01208673 
7.659994, 0.6328205, 0.0011513, 4038.006, 3937.806, 1156.174, 1092.3, 0, 0, 0, 0, -0.06925403, -0.06592803, 0.01291983, 0.01230002 
7.679994, 0.3508449, 0.003011147, 4036.393, 3736.088, 1533.629, 1230.493, 0, 0, 0, 0, 0.07125795, 0.07163622, 0.06267223, 0.06300516 
7.699994, 0.3164551, 0.01477392, 3813.9, 3794.212, 1554.079, 1575.948, 0, 0, 0, 0, -0.06721552, -0.06820233, -0.09067024, -0.09199791 
7.719994, 0.4127797, 0.04082631, 3770.1, 3763.331, 1717.39, 1751.74, 0, 0, 0, 0, -0.04252127, -0.04211424, -0.02680032, -0.02654359 
7.739994, 0.4612494, 0.05627439, 3752.272, 3737.006, 1906.302, 1928.046, 0, 0, 0, 0, -0.01130203, -0.01113331, 0.01334009, 0.01314109 
7.759994, 0.5023808, 0.0661502, 3748.145, 3758.35, 2054.369, 2104.16, 0, 0, 0, 0, -0.02624348, -0.02579102, 0.002269461, 0.002230739 
7.779994, 0.5326734, 0.07817784, 3694.101, 3827.484, 2123.915, 2316.306, 0, 0, 0, 0, -0.03481727, -0.03580412, -0.07950873, -0.08175387 
7.799994, 0.4901018, -0.03482056, 3761.571, 3754.627, 2326.017, 2352.543, 0, 0, 0, 0, 0.02587811, 0.0258796, 0.0257844, 0.02578589 
7.819993, 0.4889536, -0.131073, 3740.292, 3838.888, 2363.343, 2512.831, 0, 0, 0, 0, 0.0144685, 0.01473314, -0.01466756, -0.01493452 
7.839993, 0.4268831, -0.0866394, 3821.069, 3832.698, 2494.257, 2541.532, 0, 0, 0, 0, 0.03493272, 0.03377732, 0.0901993, 0.08723416 
7.859993, 0.3810637, -0.02108765, 3771.541, 3808.525, 2534.201, 2609.915, 0, 0, 0, 0, -0.003361774, -0.003483479, -0.06079186, -0.06301364 
7.879993, 0.3507312, 0.04484737, 3811.205, 3731.611, 2647.698, 2586.066, 0, 0, 0, 0, -0.01191378, -0.01173979, 0.01222201, 0.01204291 
7.899993, 0.3194268, 0.10099, 3855.805, 3737.685, 2696.34, 2589.562, 0, 0, 0, 0, -0.03038972, -0.02953019, 0.01689349, 0.01641687 
7.919993, 0.3027808, 0.08161225, 3887.735, 3765.612, 2710.874, 2599.759, 0, 0, 0, 0, -0.02938104, -0.0291299, -0.01539509, -0.01526319 
7.939993, 0.1935196, -0.007141113, 3836.772, 3726.391, 2701.955, 2603.865, 0, 0, 0, 0, 0.06001441, 0.0607142, 0.0412778, 0.04175968 
7.959993, 0.2638338, 0.04065736, 3728.35, 3818.875, 2575.771, 2712.994, 0, 0, 0, 0, -0.0211335, -0.02120054, -0.02627482, -0.02635816 
7.979993, 0.1353528, 0.008498757, 3918.364, 3672.074, 2754.431, 2497.617, 0, 0, 0, 0, 0.159757, 0.168804, 0.0723412, 0.07649866 
7.999993, 0.1284511, -0.07720947, 3888.45, 3749.746, 2666.862, 2536.858, 0, 0, 0, 0, 0.1064631, 0.1115752, 0.03178891, 0.03332609 
8.019994, 0.1983911, 0.01909179, 3807.574, 3880.59, 2515.343, 2634.006, 0, 0, 0, 0, -0.02892988, -0.02873672, -0.01798861, -0.01786857 
8.039994, 0.1256582, 0.0001100373, 3911.088, 3872.042, 2547.004, 2535.759, 0, 0, 0, 0, -0.01146375, -0.0111787, 0.03005931, 0.02931031 
8.059995, 0.320757, 0.0277786, 3780.408, 3844.111, 2458.125, 2566.147, 0, 0, 0, 0, -0.01734839, -0.01726853, -0.00982372, -0.009778533 
8.079995, 0.05992829, -0.07821655, 3751.505, 3765.7, 2458.289, 2507.775, 0, 0, 0, 0, 0.02725623, 0.0267711, 0.05664347, 0.05563743 
8.099996, 0.09581408, -0.09503174, 3698.789, 3837.263, 2353.822, 2549.452, 0, 0, 0, 0, 0.01569281, 0.01587315, -0.002712815, -0.002743253 
8.119996, 0.201366, -0.1498108, 3732.575, 3725.537, 2407.925, 2432.912, 0, 0, 0, 0, 0.03644997, 0.03676093, 0.02271994, 0.02291404 
8.139997, 0.1925928, -0.1949768, 3730.375, 3635.571, 2433.968, 2355.665, 0, 0, 0, 0, 0.08710677, 0.09195121, 0.001299929, 0.001375992 
8.159997, 0.3044187, -0.2292786, 3717.995, 3667.085, 2383.227, 2356.74, 0, 0, 0, 0, 0.02079612, 0.0207961, 0.02079711, 0.02079709 
8.179997, 0.1051707, -0.09924316, 3685.002, 3669.744, 2340.898, 2356.339, 0, 0, 0, 0, -0.009809511, -0.009981701, -0.0380806, -0.03875288 
8.199998, 0.2437711, -0.1055298, 3800.987, 3576.647, 2446.109, 2216.899, 0, 0, 0, 0, 0.0344165, 0.03427053, 0.04132529, 0.04115011 
8.219998, 0.1912945, -0.1236572, 3763.166, 3655.379, 2364.594, 2272.404, 0, 0, 0, 0, 0.006707357, 0.006822186, -0.0205279, -0.02087713 
8.239999, 0.2363321, -0.1678467, 3858.671, 3607.591, 2439.329, 2179.818, 0, 0, 0, 0, 0.04242769, 0.04078886, 0.1073647, 0.1032452 
8.259999, 0.1902786, -0.1799927, 3837.458, 3679.639, 2379.69, 2229.934, 0, 0, 0, 0, 0.08214693, 0.08664005, -0.002297723, -0.0024205 
8.28, 0.2693135, -0.2229004, 3884.206, 3686.124, 2401.763, 2205.212, 0, 0, 0, 0, 0.04135222, 0.04052025, 0.07459104, 0.07309525 
8.3, 0.05774248, -0.09899902, 3820.629, 3804.986, 2296.411, 2314.087, 0, 0, 0, 0, -0.01445761, -0.01463576, -0.03435596, -0.03478054 
8.320001, 0.06182173, 0.02444729, 3923.375, 3783.6, 2371.252, 2244.228, 0, 0, 0, 0, -0.009992402, -0.009848362, 0.01389878, 0.01369681 
8.340001, 0.08615208, 0.1482285, 3964.175, 3769.16, 2411.294, 2219.596, 0, 0, 0, 0, -0.01280199, -0.01269567, 0.0007860339, 0.0007797169 
8.360002, 0.2234031, -0.02160645, 4329.347, 3753.017, 2475.814, 2167.74, 0, 0, 0, 0, 0.01861651, 0.01859187, 0.02078083, 0.02075332 
8.380002, 0.06446695, 2.135815E-06, 3948.907, 3923.463, 2315.498, 2323.598, 0, 0, 0, 0, -0.03146643, -0.03165923, -0.04135551, -0.04160875 
8.400002, 0.230563, 0.03106705, 3819.355, 3819.275, 2313.203, 2348.902, 0, 0, 0, 0, -0.02150301, -0.02137342, -0.01164182, -0.01157167 
8.420003, 0.1492946, 0.04931798, 3730.295, 3775.204, 2295.41, 2382.548, 0, 0, 0, 0, -0.03337372, -0.03219816, 0.02605081, 0.02513127 
8.440003, 0.3226638, 0.08023508, 3724.88, 3784.44, 2290.476, 2394.859, 0, 0, 0, 0, -0.02928339, -0.02892866, -0.00935025, -0.009236881 
8.460004, 0.03922337, -0.02835083, 3734.409, 3729.479, 2330.792, 2359.066, 0, 0, 0, 0, 0.02176124, 0.02134044, 0.05378167, 0.05274321 
8.480004, 0.07493658, -0.1764221, 3709.756, 3781.937, 2287.387, 2406.283, 0, 0, 0, 0, 0.02950815, 0.02959668, 0.02465021, 0.0247242 
8.500005, 0.2263283, -0.09674072, 3663.351, 3868.429, 2211.48, 2486.416, 0, 0, 0, 0, -0.009699661, -0.009839241, -0.03299629, -0.03347441 
8.520005, 0.1597592, -0.04571533, 3779.134, 3850.177, 2287.723, 2406.515, 0, 0, 0, 0, -0.01440575, -0.01396878, 0.03679277, 0.03566696 
8.540006, 0.2459703, 0.04077116, 3783.115, 3834.916, 2304.922, 2400.878, 0, 0, 0, 0, -0.007550553, -0.00752543, -0.002085984, -0.002079169 
8.560006, 0.07652812, -0.03616333, 3869.85, 3790.821, 2385.738, 2328.895, 0, 0, 0, 0, 0.02030142, 0.01994488, 0.04932375, 0.0484588 
8.580007, 0.03246689, -0.01177979, 3832.148, 3875.678, 2317.211, 2404.338, 0, 0, 0, 0, 0.009137451, 0.009241749, -0.009163482, -0.009267551 
8.600007, 0.1518518, -0.03265381, 3906.057, 3711.398, 2458.176, 2265.479, 0, 0, 0, 0, 0.03569678, 0.03445162, 0.0942262, 0.09095553 
8.620008, 0.2852327, -0.06872559, 3827.516, 3698.617, 2422.874, 2306.395, 0, 0, 0, 0, 0.01193045, 0.01193318, 0.01155786, 0.01156051 
8.640008, 0.02022628, 0.0360261, 3779.254, 3679.622, 2405.878, 2323.112, 0, 0, 0, 0, -0.01572541, -0.01600306, -0.04390349, -0.04467772 
8.660008, 0.06864758, 0.1230082, 3845.892, 3637.09, 2467.835, 2257.297, 0, 0, 0, 0, -0.01712053, -0.01684773, 0.009154943, 0.009009819 
8.680009, 0.1106923, 0.1463573, 3851.644, 3668.323, 2450.851, 2270.691, 0, 0, 0, 0, -0.04368818, -0.04333179, -0.03034538, -0.03009746 
8.700009, 0.2446219, 0.1988091, 3764.626, 3660.812, 2401.981, 2314.114, 0, 0, 0, 0, -0.0146677, -0.01462603, -0.01005942, -0.01003079 
8.72001, 0.07315178, 0.08874568, 3729.822, 3615.939, 2407.489, 2307.129, 0, 0, 0, 0, 0.00804876, 0.007916058, 0.03555687, 0.03496664 
8.74001, 0.150514, 0.0818543, 3601.444, 3770.588, 2238.572, 2470.001, 0, 0, 0, 0, -0.1056821, -0.1026213, -0.05719604, -0.05553051 
8.760011, 0.2381371, 0.1326907, 3656.333, 3757.155, 2276.317, 2428.004, 0, 0, 0, 0, -0.04609146, -0.04627879, -0.05266185, -0.05287577 
8.780011, 0.06146301, 0.08462998, 3848.047, 3612.133, 2471.514, 2229.274, 0, 0, 0, 0, 0.1409277, 0.1480217, 0.06278616, 0.06598167 
8.800012, 0.0844252, -0.02954102, 3797.081, 3714.57, 2381.598, 2319.466, 0, 0, 0, 0, 0.05707349, 0.0582958, 0.0229462, 0.02343795 
8.820012, 0.0556926, -0.1071472, 3767.886, 3796.979, 2316.946, 2385.973, 0, 0, 0, 0, 0.02599475, 0.02668418, -0.01598608, -0.01640938 
8.840013, 0.06708838, -0.1702881, 3777.693, 3841.717, 2297.95, 2408.329, 0, 0, 0, 0, 0.0285941, 0.02935569, -0.01349293, -0.01384972 
8.860013, 0.1928298, -0.1255493, 3805.587, 3871.218, 2299.481, 2412.227, 0, 0, 0, 0, 0.02385581, 0.02393453, 0.01853401, 0.01859525 
8.880013, 0.007734763, -0.0536499, 3743.601, 3827.914, 2287.734, 2421.389, 0, 0, 0, 0, -0.1226784, -0.1171589, -0.04589701, -0.0438165 
8.900014, 0.02855628, 0.02927398, 3830.181, 3701.269, 2415.786, 2299.355, 0, 0, 0, 0, -0.01832548, -0.01781694, 0.02814797, 0.02736507 
8.920014, 0.1333395, 0.1508263, 3839.591, 3729.406, 2405.676, 2311.384, 0, 0, 0, 0, -0.03885566, -0.03835343, -0.01757873, -0.01735117 
8.940015, 0.1563138, 0.06446456, 3933.481, 3682.712, 2488.301, 2229.841, 0, 0, 0, 0, 0.0143262, 0.01410823, 0.03956563, 0.03896207 
8.960015, 0.1230846, 0.06637557, 3885.837, 3817.663, 2377.898, 2334.046, 0, 0, 0, 0, -0.02652516, -0.02651396, -0.02584003, -0.02582912 
8.980016, 0.1778147, 0.1230251, 3721.509, 3846.333, 2269.811, 2450.813, 0, 0, 0, 0, -0.04167777, -0.043313, -0.1027624, -0.1067684 
9.000016, 0.1570241, 0.08377521, 3771.307, 3823.638, 2312.967, 2409.313, 0, 0, 0, 0, -0.01007077, -0.01060156, 0, 0 
9.020017, 0.07424229, 0.06081048, 3790.92, 3787.762, 2340.654, 2371.895, 0, 0, 0, 0, -0.01319106, -0.01293224, 0, 0 
9.040017, 0.04336307, 0.04949173, 3750.487, 3801.274, 2310.521, 2404.736, 0, 0, 0, 0, -0.04745991, -0.04641389, 0, 0 
9.060018, 0.03692382, 0.04508171, 3739.276, 3848.759, 2276.044, 2439.282, 0, 0, 0, 0, -0.1087647, -0.1035208, 0, 0 
9.080018, 0.04796008, 0.02718871, 3821.779, 3809.609, 2347.128, 2368.373, 0, 0, 0, 0, -0.01428425, -0.01425705, 0, 0 
9.100019, 0.03908332, 0.0134974, 3781.16, 3837.632, 2307.42, 2408.817, 0, 0, 0, 0, -0.0599589, -0.05831514, 0, 0 
9.120019, 0.03791497, -0.01437378, 3881.005, 3737.627, 2425.456, 2292.802, 0, 0, 0, 0, 0.1056433, 0.1113127, 0, 0 
9.140019, 0.02603438, -0.001467713, 3850.868, 3805.073, 2368.779, 2350.792, 0, 0, 0, 0, 0.04706866, 0.04835499, 0, 0 
9.16002, 0.01242442, -0.002503889, 3894.609, 3709.271, 2450.048, 2268.152, 0, 0, 0, 0, 0.09381985, 0.09856708, 0, 0 
9.18002, 0.01854779, -0.002503676, 3873.296, 3713.109, 2436.196, 2283.667, 0, 0, 0, 0, 0.06218094, 0.06400841, 0, 0 
9.200021, 0.01512891, 3.406581E-05, 3899.871, 3686.085, 2466.976, 2251.574, 0, 0, 0, 0, 0.1031692, 0.1085701, 0, 0 
